# Negara Konoha — PohonTrembesi
# Original fictional game asset, Nusantara/Indonesia-inspired.
# 1 OBJ unit = 1 meter. Y-up. Intended front = +Z in Unity.
mtllib PohonTrembesi.mtl

o TRUNK
usemtl wood2
v 0.000000 0.000000 0.000000
v 0.420000 0.000000 0.000000
v 0.420000 3.100000 0.000000
v 0.000000 3.100000 0.000000
v 0.339787 0.000000 -0.246870
v 0.339787 3.100000 -0.246870
v 0.129787 0.000000 -0.399444
v 0.129787 3.100000 -0.399444
v -0.129787 0.000000 -0.399444
v -0.129787 3.100000 -0.399444
v -0.339787 0.000000 -0.246870
v -0.339787 3.100000 -0.246870
v -0.420000 0.000000 -0.000000
v -0.420000 3.100000 0.000000
v -0.339787 -0.000000 0.246870
v -0.339787 3.100000 0.246870
v -0.129787 -0.000000 0.399444
v -0.129787 3.100000 0.399444
v 0.129787 -0.000000 0.399444
v 0.129787 3.100000 0.399444
v 0.339787 -0.000000 0.246870
v 0.339787 3.100000 0.246870
f 2 1 5
f 2 5 3
f 3 5 6
f 3 6 4
f 5 1 7
f 5 7 6
f 6 7 8
f 6 8 4
f 7 1 9
f 7 9 8
f 8 9 10
f 8 10 4
f 9 1 11
f 9 11 10
f 10 11 12
f 10 12 4
f 11 1 13
f 11 13 12
f 12 13 14
f 12 14 4
f 13 1 15
f 13 15 14
f 14 15 16
f 14 16 4
f 15 1 17
f 15 17 16
f 16 17 18
f 16 18 4
f 17 1 19
f 17 19 18
f 18 19 20
f 18 20 4
f 19 1 21
f 19 21 20
f 20 21 22
f 20 22 4
f 21 1 2
f 21 2 22
f 22 2 3
f 22 3 4

o MAIN_0
usemtl wood2
v -0.000000 2.200000 0.000000
v 0.079104 2.072554 0.000000
v 2.979104 3.872554 0.000000
v 2.900000 4.000000 0.000000
v 0.055935 2.109882 -0.106066
v 2.955935 3.909882 -0.106066
v -0.000000 2.200000 -0.150000
v 2.900000 4.000000 -0.150000
v -0.055935 2.290118 -0.106066
v 2.844065 4.090118 -0.106066
v -0.079104 2.327446 0.000000
v 2.820896 4.127446 0.000000
v -0.055935 2.290118 0.106066
v 2.844065 4.090118 0.106066
v -0.000000 2.200000 0.150000
v 2.900000 4.000000 0.150000
v 0.055935 2.109882 0.106066
v 2.955935 3.909882 0.106066
f 24 23 27
f 24 27 25
f 25 27 28
f 25 28 26
f 27 23 29
f 27 29 28
f 28 29 30
f 28 30 26
f 29 23 31
f 29 31 30
f 30 31 32
f 30 32 26
f 31 23 33
f 31 33 32
f 32 33 34
f 32 34 26
f 33 23 35
f 33 35 34
f 34 35 36
f 34 36 26
f 35 23 37
f 35 37 36
f 36 37 38
f 36 38 26
f 37 23 39
f 37 39 38
f 38 39 40
f 38 40 26
f 39 23 24
f 39 24 40
f 40 24 25
f 40 25 26

o SECOND_0_-1
usemtl wood
v 2.900000 4.000000 0.000000
v 2.924124 3.941516 -0.014921
v 4.333183 4.391516 0.499426
v 4.309059 4.450000 0.514347
v 2.924984 3.989246 -0.059035
v 4.334043 4.439246 0.455311
v 2.900860 4.047730 -0.044114
v 4.309919 4.497730 0.470232
v 2.875876 4.058484 0.014921
v 4.284935 4.508484 0.529268
v 2.875016 4.010754 0.059035
v 4.284075 4.460754 0.573382
v 2.899140 3.952270 0.044114
v 4.308199 4.402270 0.558461
f 42 41 45
f 42 45 43
f 43 45 46
f 43 46 44
f 45 41 47
f 45 47 46
f 46 47 48
f 46 48 44
f 47 41 49
f 47 49 48
f 48 49 50
f 48 50 44
f 49 41 51
f 49 51 50
f 50 51 52
f 50 52 44
f 51 41 53
f 51 53 52
f 52 53 54
f 52 54 44
f 53 41 42
f 53 42 54
f 54 42 43
f 54 43 44

o SECOND_0_1
usemtl wood
v 2.900000 4.000000 0.000000
v 2.924124 3.941516 0.014921
v 4.333183 4.391516 -0.499426
v 4.309059 4.450000 -0.514347
v 2.899140 3.952270 -0.044114
v 4.308199 4.402270 -0.558461
v 2.875016 4.010754 -0.059035
v 4.284075 4.460754 -0.573382
v 2.875876 4.058484 -0.014921
v 4.284935 4.508484 -0.529268
v 2.900860 4.047730 0.044114
v 4.309919 4.497730 -0.470232
v 2.924984 3.989246 0.059035
v 4.334043 4.439246 -0.455311
f 56 55 59
f 56 59 57
f 57 59 60
f 57 60 58
f 59 55 61
f 59 61 60
f 60 61 62
f 60 62 58
f 61 55 63
f 61 63 62
f 62 63 64
f 62 64 58
f 63 55 65
f 63 65 64
f 64 65 66
f 64 66 58
f 65 55 67
f 65 67 66
f 66 67 68
f 66 68 58
f 67 55 56
f 67 56 68
f 68 56 57
f 68 57 58

o MAIN_1
usemtl wood2
v 0.000000 2.200000 -0.000000
v 0.134146 2.138757 0.027459
v 1.584146 4.188757 -2.484014
v 1.450000 4.250000 -2.511474
v 0.075439 2.081687 -0.053019
v 1.525439 4.131687 -2.564492
v -0.027459 2.093923 -0.102439
v 1.422541 4.143923 -2.613913
v -0.114272 2.168298 -0.091852
v 1.335728 4.218298 -2.603326
v -0.134146 2.261243 -0.027459
v 1.315854 4.311243 -2.538933
v -0.075439 2.318313 0.053019
v 1.374561 4.368313 -2.458455
v 0.027459 2.306077 0.102439
v 1.477459 4.356077 -2.409035
v 0.114272 2.231702 0.091852
v 1.564272 4.281702 -2.419622
f 70 69 73
f 70 73 71
f 71 73 74
f 71 74 72
f 73 69 75
f 73 75 74
f 74 75 76
f 74 76 72
f 75 69 77
f 75 77 76
f 76 77 78
f 76 78 72
f 77 69 79
f 77 79 78
f 78 79 80
f 78 80 72
f 79 69 81
f 79 81 80
f 80 81 82
f 80 82 72
f 81 69 83
f 81 83 82
f 82 83 84
f 82 84 72
f 83 69 85
f 83 85 84
f 84 85 86
f 84 86 72
f 85 69 70
f 85 70 86
f 86 70 71
f 86 71 72

o SECOND_1_-1
usemtl wood
v 1.450000 4.250000 -2.511474
v 1.487774 4.202270 -2.488672
v 2.637741 4.652270 -3.451779
v 2.599967 4.700000 -3.474581
v 1.449140 4.191516 -2.539826
v 2.599107 4.641516 -3.502934
v 1.411366 4.239246 -2.562628
v 2.561333 4.689246 -3.525736
v 1.412226 4.297730 -2.534275
v 2.562193 4.747730 -3.497383
v 1.450860 4.308484 -2.483121
v 2.600827 4.758484 -3.446229
v 1.488634 4.260754 -2.460319
v 2.638601 4.710754 -3.423427
f 88 87 91
f 88 91 89
f 89 91 92
f 89 92 90
f 91 87 93
f 91 93 92
f 92 93 94
f 92 94 90
f 93 87 95
f 93 95 94
f 94 95 96
f 94 96 90
f 95 87 97
f 95 97 96
f 96 97 98
f 96 98 90
f 97 87 99
f 97 99 98
f 98 99 100
f 98 100 90
f 99 87 88
f 99 88 100
f 100 88 89
f 100 89 90

o SECOND_1_1
usemtl wood
v 1.450000 4.250000 -2.511474
v 1.513618 4.239246 -2.503593
v 1.772710 4.689246 -3.981047
v 1.709092 4.700000 -3.988928
v 1.474984 4.191516 -2.524905
v 1.734076 4.641516 -4.002360
v 1.411366 4.202270 -2.532786
v 1.670458 4.652270 -4.010241
v 1.386382 4.260754 -2.519355
v 1.645474 4.710754 -3.996809
v 1.425016 4.308484 -2.498042
v 1.684108 4.758484 -3.975496
v 1.488634 4.297730 -2.490161
v 1.747726 4.747730 -3.967615
f 102 101 105
f 102 105 103
f 103 105 106
f 103 106 104
f 105 101 107
f 105 107 106
f 106 107 108
f 106 108 104
f 107 101 109
f 107 109 108
f 108 109 110
f 108 110 104
f 109 101 111
f 109 111 110
f 110 111 112
f 110 112 104
f 111 101 113
f 111 113 112
f 112 113 114
f 112 114 104
f 113 101 102
f 113 102 114
f 114 102 103
f 114 103 104

o MAIN_2
usemtl wood2
v 0.000000 2.200000 0.000000
v 0.132276 2.263723 -0.030699
v -1.317724 4.063723 -2.542172
v -1.450000 4.000000 -2.511474
v 0.115241 2.167015 -0.090175
v -1.334759 3.967015 -2.601649
v 0.030699 2.089629 -0.096828
v -1.419301 3.889629 -2.608302
v -0.071826 2.076897 -0.046761
v -1.521826 3.876897 -2.558234
v -0.132276 2.136277 0.030699
v -1.582276 3.936277 -2.480775
v -0.115241 2.232985 0.090175
v -1.565241 4.032985 -2.421298
v -0.030699 2.310371 0.096828
v -1.480699 4.110371 -2.414645
v 0.071826 2.323103 0.046761
v -1.378174 4.123103 -2.464713
f 116 115 119
f 116 119 117
f 117 119 120
f 117 120 118
f 119 115 121
f 119 121 120
f 120 121 122
f 120 122 118
f 121 115 123
f 121 123 122
f 122 123 124
f 122 124 118
f 123 115 125
f 123 125 124
f 124 125 126
f 124 126 118
f 125 115 127
f 125 127 126
f 126 127 128
f 126 128 118
f 127 115 129
f 127 129 128
f 128 129 130
f 128 130 118
f 129 115 131
f 129 131 130
f 130 131 132
f 130 132 118
f 131 115 116
f 131 116 132
f 132 116 117
f 132 117 118

o SECOND_2_-1
usemtl wood
v -1.450000 4.000000 -2.511474
v -1.386382 4.010754 -2.519355
v -1.645474 4.460754 -3.996809
v -1.709092 4.450000 -3.988928
v -1.411366 3.952270 -2.532786
v -1.670458 4.402270 -4.010241
v -1.474984 3.941516 -2.524905
v -1.734076 4.391516 -4.002360
v -1.513618 3.989246 -2.503593
v -1.772710 4.439246 -3.981047
v -1.488634 4.047730 -2.490161
v -1.747726 4.497730 -3.967615
v -1.425016 4.058484 -2.498042
v -1.684108 4.508484 -3.975496
f 134 133 137
f 134 137 135
f 135 137 138
f 135 138 136
f 137 133 139
f 137 139 138
f 138 139 140
f 138 140 136
f 139 133 141
f 139 141 140
f 140 141 142
f 140 142 136
f 141 133 143
f 141 143 142
f 142 143 144
f 142 144 136
f 143 133 145
f 143 145 144
f 144 145 146
f 144 146 136
f 145 133 134
f 145 134 146
f 146 134 135
f 146 135 136

o SECOND_2_1
usemtl wood
v -1.450000 4.000000 -2.511474
v -1.412226 4.047730 -2.534275
v -2.562193 4.497730 -3.497383
v -2.599967 4.450000 -3.474581
v -1.411366 3.989246 -2.562628
v -2.561333 4.439246 -3.525736
v -1.449140 3.941516 -2.539826
v -2.599107 4.391516 -3.502934
v -1.487774 3.952270 -2.488672
v -2.637741 4.402270 -3.451779
v -1.488634 4.010754 -2.460319
v -2.638601 4.460754 -3.423427
v -1.450860 4.058484 -2.483121
v -2.600827 4.508484 -3.446229
f 148 147 151
f 148 151 149
f 149 151 152
f 149 152 150
f 151 147 153
f 151 153 152
f 152 153 154
f 152 154 150
f 153 147 155
f 153 155 154
f 154 155 156
f 154 156 150
f 155 147 157
f 155 157 156
f 156 157 158
f 156 158 150
f 157 147 159
f 157 159 158
f 158 159 160
f 158 160 150
f 159 147 148
f 159 148 160
f 160 148 149
f 160 149 150

o MAIN_3
usemtl wood2
v 0.000000 2.200000 0.000000
v 0.086585 2.322487 0.000000
v -2.813415 4.372487 -0.000000
v -2.900000 4.250000 -0.000000
v 0.061225 2.286611 -0.106066
v -2.838775 4.336611 -0.106066
v 0.000000 2.200000 -0.150000
v -2.900000 4.250000 -0.150000
v -0.061225 2.113389 -0.106066
v -2.961225 4.163389 -0.106066
v -0.086585 2.077513 0.000000
v -2.986585 4.127513 -0.000000
v -0.061225 2.113389 0.106066
v -2.961225 4.163389 0.106066
v 0.000000 2.200000 0.150000
v -2.900000 4.250000 0.150000
v 0.061225 2.286611 0.106066
v -2.838775 4.336611 0.106066
f 162 161 165
f 162 165 163
f 163 165 166
f 163 166 164
f 165 161 167
f 165 167 166
f 166 167 168
f 166 168 164
f 167 161 169
f 167 169 168
f 168 169 170
f 168 170 164
f 169 161 171
f 169 171 170
f 170 171 172
f 170 172 164
f 171 161 173
f 171 173 172
f 172 173 174
f 172 174 164
f 173 161 175
f 173 175 174
f 174 175 176
f 174 176 164
f 175 161 177
f 175 177 176
f 176 177 178
f 176 178 164
f 177 161 162
f 177 162 178
f 178 162 163
f 178 163 164

o SECOND_3_-1
usemtl wood
v -2.900000 4.250000 -0.000000
v -2.875876 4.308484 -0.014921
v -4.284935 4.758484 -0.529268
v -4.309059 4.700000 -0.514347
v -2.875016 4.260754 -0.059035
v -4.284075 4.710754 -0.573382
v -2.899140 4.202270 -0.044114
v -4.308199 4.652270 -0.558461
v -2.924124 4.191516 0.014921
v -4.333183 4.641516 -0.499426
v -2.924984 4.239246 0.059035
v -4.334043 4.689246 -0.455311
v -2.900860 4.297730 0.044114
v -4.309919 4.747730 -0.470232
f 180 179 183
f 180 183 181
f 181 183 184
f 181 184 182
f 183 179 185
f 183 185 184
f 184 185 186
f 184 186 182
f 185 179 187
f 185 187 186
f 186 187 188
f 186 188 182
f 187 179 189
f 187 189 188
f 188 189 190
f 188 190 182
f 189 179 191
f 189 191 190
f 190 191 192
f 190 192 182
f 191 179 180
f 191 180 192
f 192 180 181
f 192 181 182

o SECOND_3_1
usemtl wood
v -2.900000 4.250000 -0.000000
v -2.875876 4.308484 0.014921
v -4.284935 4.758484 0.529268
v -4.309059 4.700000 0.514347
v -2.900860 4.297730 -0.044114
v -4.309919 4.747730 0.470232
v -2.924984 4.239246 -0.059035
v -4.334043 4.689246 0.455311
v -2.924124 4.191516 -0.014921
v -4.333183 4.641516 0.499426
v -2.899140 4.202270 0.044114
v -4.308199 4.652270 0.558461
v -2.875016 4.260754 0.059035
v -4.284075 4.710754 0.573382
f 194 193 197
f 194 197 195
f 195 197 198
f 195 198 196
f 197 193 199
f 197 199 198
f 198 199 200
f 198 200 196
f 199 193 201
f 199 201 200
f 200 201 202
f 200 202 196
f 201 193 203
f 201 203 202
f 202 203 204
f 202 204 196
f 203 193 205
f 203 205 204
f 204 205 206
f 204 206 196
f 205 193 194
f 205 194 206
f 206 194 195
f 206 195 196

o MAIN_4
usemtl wood2
v 0.000000 2.200000 -0.000000
v 0.132276 2.263723 0.030699
v -1.317724 4.063723 2.542172
v -1.450000 4.000000 2.511474
v 0.071826 2.323103 -0.046761
v -1.378174 4.123103 2.464713
v -0.030699 2.310371 -0.096828
v -1.480699 4.110371 2.414645
v -0.115241 2.232985 -0.090175
v -1.565241 4.032985 2.421298
v -0.132276 2.136277 -0.030699
v -1.582276 3.936277 2.480775
v -0.071826 2.076897 0.046761
v -1.521826 3.876897 2.558234
v 0.030699 2.089629 0.096828
v -1.419301 3.889629 2.608302
v 0.115241 2.167015 0.090175
v -1.334759 3.967015 2.601649
f 208 207 211
f 208 211 209
f 209 211 212
f 209 212 210
f 211 207 213
f 211 213 212
f 212 213 214
f 212 214 210
f 213 207 215
f 213 215 214
f 214 215 216
f 214 216 210
f 215 207 217
f 215 217 216
f 216 217 218
f 216 218 210
f 217 207 219
f 217 219 218
f 218 219 220
f 218 220 210
f 219 207 221
f 219 221 220
f 220 221 222
f 220 222 210
f 221 207 223
f 221 223 222
f 222 223 224
f 222 224 210
f 223 207 208
f 223 208 224
f 224 208 209
f 224 209 210

o SECOND_4_-1
usemtl wood
v -1.450000 4.000000 2.511474
v -1.412226 4.047730 2.534275
v -2.562193 4.497730 3.497383
v -2.599967 4.450000 3.474581
v -1.450860 4.058484 2.483121
v -2.600827 4.508484 3.446229
v -1.488634 4.010754 2.460319
v -2.638601 4.460754 3.423427
v -1.487774 3.952270 2.488672
v -2.637741 4.402270 3.451779
v -1.449140 3.941516 2.539826
v -2.599107 4.391516 3.502934
v -1.411366 3.989246 2.562628
v -2.561333 4.439246 3.525736
f 226 225 229
f 226 229 227
f 227 229 230
f 227 230 228
f 229 225 231
f 229 231 230
f 230 231 232
f 230 232 228
f 231 225 233
f 231 233 232
f 232 233 234
f 232 234 228
f 233 225 235
f 233 235 234
f 234 235 236
f 234 236 228
f 235 225 237
f 235 237 236
f 236 237 238
f 236 238 228
f 237 225 226
f 237 226 238
f 238 226 227
f 238 227 228

o SECOND_4_1
usemtl wood
v -1.450000 4.000000 2.511474
v -1.386382 4.010754 2.519355
v -1.645474 4.460754 3.996809
v -1.709092 4.450000 3.988928
v -1.425016 4.058484 2.498042
v -1.684108 4.508484 3.975496
v -1.488634 4.047730 2.490161
v -1.747726 4.497730 3.967615
v -1.513618 3.989246 2.503593
v -1.772710 4.439246 3.981047
v -1.474984 3.941516 2.524905
v -1.734076 4.391516 4.002360
v -1.411366 3.952270 2.532786
v -1.670458 4.402270 4.010241
f 240 239 243
f 240 243 241
f 241 243 244
f 241 244 242
f 243 239 245
f 243 245 244
f 244 245 246
f 244 246 242
f 245 239 247
f 245 247 246
f 246 247 248
f 246 248 242
f 247 239 249
f 247 249 248
f 248 249 250
f 248 250 242
f 249 239 251
f 249 251 250
f 250 251 252
f 250 252 242
f 251 239 240
f 251 240 252
f 252 240 241
f 252 241 242

o MAIN_5
usemtl wood2
v 0.000000 2.200000 0.000000
v 0.134146 2.138757 -0.027459
v 1.584146 4.188757 2.484014
v 1.450000 4.250000 2.511474
v 0.114272 2.231702 -0.091852
v 1.564272 4.281702 2.419622
v 0.027459 2.306077 -0.102439
v 1.477459 4.356077 2.409035
v -0.075439 2.318313 -0.053019
v 1.374561 4.368313 2.458455
v -0.134146 2.261243 0.027459
v 1.315854 4.311243 2.538933
v -0.114272 2.168298 0.091852
v 1.335728 4.218298 2.603326
v -0.027459 2.093923 0.102439
v 1.422541 4.143923 2.613913
v 0.075439 2.081687 0.053019
v 1.525439 4.131687 2.564492
f 254 253 257
f 254 257 255
f 255 257 258
f 255 258 256
f 257 253 259
f 257 259 258
f 258 259 260
f 258 260 256
f 259 253 261
f 259 261 260
f 260 261 262
f 260 262 256
f 261 253 263
f 261 263 262
f 262 263 264
f 262 264 256
f 263 253 265
f 263 265 264
f 264 265 266
f 264 266 256
f 265 253 267
f 265 267 266
f 266 267 268
f 266 268 256
f 267 253 269
f 267 269 268
f 268 269 270
f 268 270 256
f 269 253 254
f 269 254 270
f 270 254 255
f 270 255 256

o SECOND_5_-1
usemtl wood
v 1.450000 4.250000 2.511474
v 1.513618 4.239246 2.503593
v 1.772710 4.689246 3.981047
v 1.709092 4.700000 3.988928
v 1.488634 4.297730 2.490161
v 1.747726 4.747730 3.967615
v 1.425016 4.308484 2.498042
v 1.684108 4.758484 3.975496
v 1.386382 4.260754 2.519355
v 1.645474 4.710754 3.996809
v 1.411366 4.202270 2.532786
v 1.670458 4.652270 4.010241
v 1.474984 4.191516 2.524905
v 1.734076 4.641516 4.002360
f 272 271 275
f 272 275 273
f 273 275 276
f 273 276 274
f 275 271 277
f 275 277 276
f 276 277 278
f 276 278 274
f 277 271 279
f 277 279 278
f 278 279 280
f 278 280 274
f 279 271 281
f 279 281 280
f 280 281 282
f 280 282 274
f 281 271 283
f 281 283 282
f 282 283 284
f 282 284 274
f 283 271 272
f 283 272 284
f 284 272 273
f 284 273 274

o SECOND_5_1
usemtl wood
v 1.450000 4.250000 2.511474
v 1.487774 4.202270 2.488672
v 2.637741 4.652270 3.451779
v 2.599967 4.700000 3.474581
v 1.488634 4.260754 2.460319
v 2.638601 4.710754 3.423427
v 1.450860 4.308484 2.483121
v 2.600827 4.758484 3.446229
v 1.412226 4.297730 2.534275
v 2.562193 4.747730 3.497383
v 1.411366 4.239246 2.562628
v 2.561333 4.689246 3.525736
v 1.449140 4.191516 2.539826
v 2.599107 4.641516 3.502934
f 286 285 289
f 286 289 287
f 287 289 290
f 287 290 288
f 289 285 291
f 289 291 290
f 290 291 292
f 290 292 288
f 291 285 293
f 291 293 292
f 292 293 294
f 292 294 288
f 293 285 295
f 293 295 294
f 294 295 296
f 294 296 288
f 295 285 297
f 295 297 296
f 296 297 298
f 296 298 288
f 297 285 286
f 297 286 298
f 298 286 287
f 298 287 288

o CANOPY_0_0
usemtl green
v 0.801000 4.000000 -1.090960
v 2.599000 4.000000 -1.090960
v 0.801000 4.000000 1.090960
v 2.599000 4.000000 1.090960
v 1.700000 4.387897 0.674250
v 1.700000 4.387897 -0.674250
v 1.700000 3.612103 0.674250
v 1.700000 3.612103 -0.674250
v 3.154613 3.760267 0.000000
v 3.154613 4.239733 0.000000
v 0.245387 3.760267 0.000000
v 0.245387 4.239733 0.000000
v 1.700000 4.000000 -1.282500
v 1.700000 4.000000 1.282500
v 1.171581 4.228000 1.037564
v 2.228419 4.228000 1.037564
v 1.171581 4.228000 -1.037564
v 2.228419 4.228000 -1.037564
v 1.700000 4.456000 0.000000
v 1.171581 3.772000 1.037564
v 2.228419 3.772000 1.037564
v 1.171581 3.772000 -1.037564
v 2.228419 3.772000 -1.037564
v 1.700000 3.544000 0.000000
v 3.083419 3.859088 -0.641250
v 3.083419 3.859088 0.641250
v 2.555000 3.631088 0.396314
v 2.555000 3.631088 -0.396314
v 3.083419 4.140912 -0.641250
v 3.083419 4.140912 0.641250
v 2.555000 4.368912 0.396314
v 2.555000 4.368912 -0.396314
v 3.410000 4.000000 0.000000
v 0.316581 3.859088 -0.641250
v 0.316581 3.859088 0.641250
v 0.845000 3.631088 0.396314
v 0.845000 3.631088 -0.396314
v 0.316581 4.140912 -0.641250
v 0.316581 4.140912 0.641250
v 0.845000 4.368912 0.396314
v 0.845000 4.368912 -0.396314
v -0.010000 4.000000 0.000000
f 299 336 315
f 336 310 339
f 315 339 304
f 336 339 315
f 299 315 311
f 315 304 316
f 311 316 300
f 315 316 311
f 299 311 320
f 311 300 321
f 320 321 306
f 311 321 320
f 299 320 332
f 320 306 335
f 332 335 309
f 320 335 332
f 299 332 336
f 332 309 340
f 336 340 310
f 332 340 336
f 300 316 327
f 316 304 330
f 327 330 308
f 316 330 327
f 304 339 317
f 339 310 338
f 317 338 303
f 339 338 317
f 310 340 337
f 340 309 333
f 337 333 301
f 340 333 337
f 309 335 334
f 335 306 322
f 334 322 305
f 335 322 334
f 306 321 326
f 321 300 323
f 326 323 307
f 321 323 326
f 302 328 314
f 328 308 329
f 314 329 303
f 328 329 314
f 302 314 312
f 314 303 313
f 312 313 301
f 314 313 312
f 302 312 319
f 312 301 318
f 319 318 305
f 312 318 319
f 302 319 324
f 319 305 325
f 324 325 307
f 319 325 324
f 302 324 328
f 324 307 331
f 328 331 308
f 324 331 328
f 303 329 317
f 329 308 330
f 317 330 304
f 329 330 317
f 301 313 337
f 313 303 338
f 337 338 310
f 313 338 337
f 305 318 334
f 318 301 333
f 334 333 309
f 318 333 334
f 307 325 326
f 325 305 322
f 326 322 306
f 325 322 326
f 308 331 327
f 331 307 323
f 327 323 300
f 331 323 327

o CANOPY_0_1
usemtl green2
v 0.303081 4.210368 -2.293041
v 2.101082 4.210368 -2.293041
v 0.303081 4.210368 -0.111122
v 2.101082 4.210368 -0.111122
v 1.202082 4.598265 -0.527831
v 1.202082 4.598265 -1.876332
v 1.202082 3.822471 -0.527831
v 1.202082 3.822471 -1.876332
v 2.656694 3.970634 -1.202082
v 2.656694 4.450101 -1.202082
v -0.252531 3.970634 -1.202082
v -0.252531 4.450101 -1.202082
v 1.202082 4.210368 -2.484582
v 1.202082 4.210368 0.080418
v 0.673662 4.438368 -0.164517
v 1.730501 4.438368 -0.164517
v 0.673662 4.438368 -2.239646
v 1.730501 4.438368 -2.239646
v 1.202082 4.666368 -1.202082
v 0.673662 3.982368 -0.164517
v 1.730501 3.982368 -0.164517
v 0.673662 3.982368 -2.239646
v 1.730501 3.982368 -2.239646
v 1.202082 3.754368 -1.202082
v 2.585501 4.069456 -1.843332
v 2.585501 4.069456 -0.560832
v 2.057082 3.841456 -0.805767
v 2.057082 3.841456 -1.598396
v 2.585501 4.351279 -1.843332
v 2.585501 4.351279 -0.560832
v 2.057082 4.579279 -0.805767
v 2.057082 4.579279 -1.598396
v 2.912082 4.210368 -1.202082
v -0.181338 4.069456 -1.843332
v -0.181338 4.069456 -0.560832
v 0.347082 3.841456 -0.805767
v 0.347082 3.841456 -1.598396
v -0.181338 4.351279 -1.843332
v -0.181338 4.351279 -0.560832
v 0.347082 4.579279 -0.805767
v 0.347082 4.579279 -1.598396
v -0.507918 4.210368 -1.202082
f 341 378 357
f 378 352 381
f 357 381 346
f 378 381 357
f 341 357 353
f 357 346 358
f 353 358 342
f 357 358 353
f 341 353 362
f 353 342 363
f 362 363 348
f 353 363 362
f 341 362 374
f 362 348 377
f 374 377 351
f 362 377 374
f 341 374 378
f 374 351 382
f 378 382 352
f 374 382 378
f 342 358 369
f 358 346 372
f 369 372 350
f 358 372 369
f 346 381 359
f 381 352 380
f 359 380 345
f 381 380 359
f 352 382 379
f 382 351 375
f 379 375 343
f 382 375 379
f 351 377 376
f 377 348 364
f 376 364 347
f 377 364 376
f 348 363 368
f 363 342 365
f 368 365 349
f 363 365 368
f 344 370 356
f 370 350 371
f 356 371 345
f 370 371 356
f 344 356 354
f 356 345 355
f 354 355 343
f 356 355 354
f 344 354 361
f 354 343 360
f 361 360 347
f 354 360 361
f 344 361 366
f 361 347 367
f 366 367 349
f 361 367 366
f 344 366 370
f 366 349 373
f 370 373 350
f 366 373 370
f 345 371 359
f 371 350 372
f 359 372 346
f 371 372 359
f 343 355 379
f 355 345 380
f 379 380 352
f 355 380 379
f 347 360 376
f 360 343 375
f 376 375 351
f 360 375 376
f 349 367 368
f 367 347 364
f 368 364 348
f 367 364 368
f 350 373 369
f 373 349 365
f 369 365 342
f 373 365 369

o CANOPY_0_2
usemtl green2
v -0.899000 4.227324 -2.790960
v 0.899000 4.227324 -2.790960
v -0.899000 4.227324 -0.609040
v 0.899000 4.227324 -0.609040
v 0.000000 4.615221 -1.025750
v 0.000000 4.615221 -2.374250
v 0.000000 3.839428 -1.025750
v 0.000000 3.839428 -2.374250
v 1.454613 3.987591 -1.700000
v 1.454613 4.467058 -1.700000
v -1.454613 3.987591 -1.700000
v -1.454613 4.467058 -1.700000
v 0.000000 4.227324 -2.982500
v 0.000000 4.227324 -0.417500
v -0.528419 4.455324 -0.662436
v 0.528419 4.455324 -0.662436
v -0.528419 4.455324 -2.737564
v 0.528419 4.455324 -2.737564
v 0.000000 4.683324 -1.700000
v -0.528419 3.999324 -0.662436
v 0.528419 3.999324 -0.662436
v -0.528419 3.999324 -2.737564
v 0.528419 3.999324 -2.737564
v 0.000000 3.771324 -1.700000
v 1.383419 4.086413 -2.341250
v 1.383419 4.086413 -1.058750
v 0.855000 3.858413 -1.303686
v 0.855000 3.858413 -2.096314
v 1.383419 4.368236 -2.341250
v 1.383419 4.368236 -1.058750
v 0.855000 4.596236 -1.303686
v 0.855000 4.596236 -2.096314
v 1.710000 4.227324 -1.700000
v -1.383419 4.086413 -2.341250
v -1.383419 4.086413 -1.058750
v -0.855000 3.858413 -1.303686
v -0.855000 3.858413 -2.096314
v -1.383419 4.368236 -2.341250
v -1.383419 4.368236 -1.058750
v -0.855000 4.596236 -1.303686
v -0.855000 4.596236 -2.096314
v -1.710000 4.227324 -1.700000
f 383 420 399
f 420 394 423
f 399 423 388
f 420 423 399
f 383 399 395
f 399 388 400
f 395 400 384
f 399 400 395
f 383 395 404
f 395 384 405
f 404 405 390
f 395 405 404
f 383 404 416
f 404 390 419
f 416 419 393
f 404 419 416
f 383 416 420
f 416 393 424
f 420 424 394
f 416 424 420
f 384 400 411
f 400 388 414
f 411 414 392
f 400 414 411
f 388 423 401
f 423 394 422
f 401 422 387
f 423 422 401
f 394 424 421
f 424 393 417
f 421 417 385
f 424 417 421
f 393 419 418
f 419 390 406
f 418 406 389
f 419 406 418
f 390 405 410
f 405 384 407
f 410 407 391
f 405 407 410
f 386 412 398
f 412 392 413
f 398 413 387
f 412 413 398
f 386 398 396
f 398 387 397
f 396 397 385
f 398 397 396
f 386 396 403
f 396 385 402
f 403 402 389
f 396 402 403
f 386 403 408
f 403 389 409
f 408 409 391
f 403 409 408
f 386 408 412
f 408 391 415
f 412 415 392
f 408 415 412
f 387 413 401
f 413 392 414
f 401 414 388
f 413 414 401
f 385 397 421
f 397 387 422
f 421 422 394
f 397 422 421
f 389 402 418
f 402 385 417
f 418 417 393
f 402 417 418
f 391 409 410
f 409 389 406
f 410 406 390
f 409 406 410
f 392 415 411
f 415 391 407
f 411 407 384
f 415 407 411

o CANOPY_0_3
usemtl green
v -2.101082 4.035280 -2.293041
v -0.303081 4.035280 -2.293041
v -2.101082 4.035280 -0.111122
v -0.303081 4.035280 -0.111122
v -1.202082 4.423177 -0.527831
v -1.202082 4.423177 -1.876332
v -1.202082 3.647383 -0.527831
v -1.202082 3.647383 -1.876332
v 0.252531 3.795547 -1.202082
v 0.252531 4.275013 -1.202082
v -2.656694 3.795547 -1.202082
v -2.656694 4.275013 -1.202082
v -1.202082 4.035280 -2.484582
v -1.202082 4.035280 0.080418
v -1.730501 4.263280 -0.164517
v -0.673662 4.263280 -0.164517
v -1.730501 4.263280 -2.239646
v -0.673662 4.263280 -2.239646
v -1.202082 4.491280 -1.202082
v -1.730501 3.807280 -0.164517
v -0.673662 3.807280 -0.164517
v -1.730501 3.807280 -2.239646
v -0.673662 3.807280 -2.239646
v -1.202082 3.579280 -1.202082
v 0.181338 3.894368 -1.843332
v 0.181338 3.894368 -0.560832
v -0.347082 3.666368 -0.805767
v -0.347082 3.666368 -1.598396
v 0.181338 4.176192 -1.843332
v 0.181338 4.176192 -0.560832
v -0.347082 4.404192 -0.805767
v -0.347082 4.404192 -1.598396
v 0.507918 4.035280 -1.202082
v -2.585501 3.894368 -1.843332
v -2.585501 3.894368 -0.560832
v -2.057082 3.666368 -0.805767
v -2.057082 3.666368 -1.598396
v -2.585501 4.176192 -1.843332
v -2.585501 4.176192 -0.560832
v -2.057082 4.404192 -0.805767
v -2.057082 4.404192 -1.598396
v -2.912082 4.035280 -1.202082
f 425 462 441
f 462 436 465
f 441 465 430
f 462 465 441
f 425 441 437
f 441 430 442
f 437 442 426
f 441 442 437
f 425 437 446
f 437 426 447
f 446 447 432
f 437 447 446
f 425 446 458
f 446 432 461
f 458 461 435
f 446 461 458
f 425 458 462
f 458 435 466
f 462 466 436
f 458 466 462
f 426 442 453
f 442 430 456
f 453 456 434
f 442 456 453
f 430 465 443
f 465 436 464
f 443 464 429
f 465 464 443
f 436 466 463
f 466 435 459
f 463 459 427
f 466 459 463
f 435 461 460
f 461 432 448
f 460 448 431
f 461 448 460
f 432 447 452
f 447 426 449
f 452 449 433
f 447 449 452
f 428 454 440
f 454 434 455
f 440 455 429
f 454 455 440
f 428 440 438
f 440 429 439
f 438 439 427
f 440 439 438
f 428 438 445
f 438 427 444
f 445 444 431
f 438 444 445
f 428 445 450
f 445 431 451
f 450 451 433
f 445 451 450
f 428 450 454
f 450 433 457
f 454 457 434
f 450 457 454
f 429 455 443
f 455 434 456
f 443 456 430
f 455 456 443
f 427 439 463
f 439 429 464
f 463 464 436
f 439 464 463
f 431 444 460
f 444 427 459
f 460 459 435
f 444 459 460
f 433 451 452
f 451 431 448
f 452 448 432
f 451 448 452
f 434 457 453
f 457 433 449
f 453 449 426
f 457 449 453

o CANOPY_0_4
usemtl green2
v -2.599000 3.810799 -1.090960
v -0.801000 3.810799 -1.090960
v -2.599000 3.810799 1.090960
v -0.801000 3.810799 1.090960
v -1.700000 4.198696 0.674250
v -1.700000 4.198696 -0.674250
v -1.700000 3.422903 0.674250
v -1.700000 3.422903 -0.674250
v -0.245387 3.571066 0.000000
v -0.245387 4.050533 0.000000
v -3.154613 3.571066 0.000000
v -3.154613 4.050533 0.000000
v -1.700000 3.810799 -1.282500
v -1.700000 3.810799 1.282500
v -2.228419 4.038799 1.037564
v -1.171581 4.038799 1.037564
v -2.228419 4.038799 -1.037564
v -1.171581 4.038799 -1.037564
v -1.700000 4.266799 0.000000
v -2.228419 3.582799 1.037564
v -1.171581 3.582799 1.037564
v -2.228419 3.582799 -1.037564
v -1.171581 3.582799 -1.037564
v -1.700000 3.354799 -0.000000
v -0.316581 3.669888 -0.641250
v -0.316581 3.669888 0.641250
v -0.845000 3.441888 0.396314
v -0.845000 3.441888 -0.396314
v -0.316581 3.951711 -0.641250
v -0.316581 3.951711 0.641250
v -0.845000 4.179711 0.396314
v -0.845000 4.179711 -0.396314
v 0.010000 3.810799 0.000000
v -3.083419 3.669888 -0.641250
v -3.083419 3.669888 0.641250
v -2.555000 3.441888 0.396314
v -2.555000 3.441888 -0.396314
v -3.083419 3.951711 -0.641250
v -3.083419 3.951711 0.641250
v -2.555000 4.179711 0.396314
v -2.555000 4.179711 -0.396314
v -3.410000 3.810799 0.000000
f 467 504 483
f 504 478 507
f 483 507 472
f 504 507 483
f 467 483 479
f 483 472 484
f 479 484 468
f 483 484 479
f 467 479 488
f 479 468 489
f 488 489 474
f 479 489 488
f 467 488 500
f 488 474 503
f 500 503 477
f 488 503 500
f 467 500 504
f 500 477 508
f 504 508 478
f 500 508 504
f 468 484 495
f 484 472 498
f 495 498 476
f 484 498 495
f 472 507 485
f 507 478 506
f 485 506 471
f 507 506 485
f 478 508 505
f 508 477 501
f 505 501 469
f 508 501 505
f 477 503 502
f 503 474 490
f 502 490 473
f 503 490 502
f 474 489 494
f 489 468 491
f 494 491 475
f 489 491 494
f 470 496 482
f 496 476 497
f 482 497 471
f 496 497 482
f 470 482 480
f 482 471 481
f 480 481 469
f 482 481 480
f 470 480 487
f 480 469 486
f 487 486 473
f 480 486 487
f 470 487 492
f 487 473 493
f 492 493 475
f 487 493 492
f 470 492 496
f 492 475 499
f 496 499 476
f 492 499 496
f 471 497 485
f 497 476 498
f 485 498 472
f 497 498 485
f 469 481 505
f 481 471 506
f 505 506 478
f 481 506 505
f 473 486 502
f 486 469 501
f 502 501 477
f 486 501 502
f 475 493 494
f 493 473 490
f 494 490 474
f 493 490 494
f 476 499 495
f 499 475 491
f 495 491 468
f 499 491 495

o CANOPY_0_5
usemtl green2
v -2.101082 3.760269 0.111122
v -0.303081 3.760269 0.111122
v -2.101082 3.760269 2.293041
v -0.303081 3.760269 2.293041
v -1.202082 4.148166 1.876332
v -1.202082 4.148166 0.527831
v -1.202082 3.372372 1.876332
v -1.202082 3.372372 0.527831
v 0.252531 3.520536 1.202082
v 0.252531 4.000002 1.202082
v -2.656694 3.520536 1.202082
v -2.656694 4.000002 1.202082
v -1.202082 3.760269 -0.080418
v -1.202082 3.760269 2.484582
v -1.730501 3.988269 2.239646
v -0.673662 3.988269 2.239646
v -1.730501 3.988269 0.164517
v -0.673662 3.988269 0.164517
v -1.202082 4.216269 1.202082
v -1.730501 3.532269 2.239646
v -0.673662 3.532269 2.239646
v -1.730501 3.532269 0.164517
v -0.673662 3.532269 0.164517
v -1.202082 3.304269 1.202082
v 0.181338 3.619357 0.560832
v 0.181338 3.619357 1.843332
v -0.347082 3.391357 1.598396
v -0.347082 3.391357 0.805767
v 0.181338 3.901181 0.560832
v 0.181338 3.901181 1.843332
v -0.347082 4.129181 1.598396
v -0.347082 4.129181 0.805767
v 0.507918 3.760269 1.202082
v -2.585501 3.619357 0.560832
v -2.585501 3.619357 1.843332
v -2.057082 3.391357 1.598396
v -2.057082 3.391357 0.805767
v -2.585501 3.901181 0.560832
v -2.585501 3.901181 1.843332
v -2.057082 4.129181 1.598396
v -2.057082 4.129181 0.805767
v -2.912082 3.760269 1.202082
f 509 546 525
f 546 520 549
f 525 549 514
f 546 549 525
f 509 525 521
f 525 514 526
f 521 526 510
f 525 526 521
f 509 521 530
f 521 510 531
f 530 531 516
f 521 531 530
f 509 530 542
f 530 516 545
f 542 545 519
f 530 545 542
f 509 542 546
f 542 519 550
f 546 550 520
f 542 550 546
f 510 526 537
f 526 514 540
f 537 540 518
f 526 540 537
f 514 549 527
f 549 520 548
f 527 548 513
f 549 548 527
f 520 550 547
f 550 519 543
f 547 543 511
f 550 543 547
f 519 545 544
f 545 516 532
f 544 532 515
f 545 532 544
f 516 531 536
f 531 510 533
f 536 533 517
f 531 533 536
f 512 538 524
f 538 518 539
f 524 539 513
f 538 539 524
f 512 524 522
f 524 513 523
f 522 523 511
f 524 523 522
f 512 522 529
f 522 511 528
f 529 528 515
f 522 528 529
f 512 529 534
f 529 515 535
f 534 535 517
f 529 535 534
f 512 534 538
f 534 517 541
f 538 541 518
f 534 541 538
f 513 539 527
f 539 518 540
f 527 540 514
f 539 540 527
f 511 523 547
f 523 513 548
f 547 548 520
f 523 548 547
f 515 528 544
f 528 511 543
f 544 543 519
f 528 543 544
f 517 535 536
f 535 515 532
f 536 532 516
f 535 532 536
f 518 541 537
f 541 517 533
f 537 533 510
f 541 533 537

o CANOPY_0_6
usemtl green
v -0.899000 3.930146 0.609040
v 0.899000 3.930146 0.609040
v -0.899000 3.930146 2.790960
v 0.899000 3.930146 2.790960
v -0.000000 4.318043 2.374250
v -0.000000 4.318043 1.025750
v -0.000000 3.542249 2.374250
v -0.000000 3.542249 1.025750
v 1.454613 3.690413 1.700000
v 1.454613 4.169880 1.700000
v -1.454613 3.690413 1.700000
v -1.454613 4.169880 1.700000
v -0.000000 3.930146 0.417500
v -0.000000 3.930146 2.982500
v -0.528419 4.158146 2.737564
v 0.528419 4.158146 2.737564
v -0.528419 4.158146 0.662436
v 0.528419 4.158146 0.662436
v -0.000000 4.386146 1.700000
v -0.528419 3.702146 2.737564
v 0.528419 3.702146 2.737564
v -0.528419 3.702146 0.662436
v 0.528419 3.702146 0.662436
v -0.000000 3.474146 1.700000
v 1.383419 3.789234 1.058750
v 1.383419 3.789234 2.341250
v 0.855000 3.561234 2.096314
v 0.855000 3.561234 1.303686
v 1.383419 4.071058 1.058750
v 1.383419 4.071058 2.341250
v 0.855000 4.299058 2.096314
v 0.855000 4.299058 1.303686
v 1.710000 3.930146 1.700000
v -1.383419 3.789234 1.058750
v -1.383419 3.789234 2.341250
v -0.855000 3.561234 2.096314
v -0.855000 3.561234 1.303686
v -1.383419 4.071058 1.058750
v -1.383419 4.071058 2.341250
v -0.855000 4.299058 2.096314
v -0.855000 4.299058 1.303686
v -1.710000 3.930146 1.700000
f 551 588 567
f 588 562 591
f 567 591 556
f 588 591 567
f 551 567 563
f 567 556 568
f 563 568 552
f 567 568 563
f 551 563 572
f 563 552 573
f 572 573 558
f 563 573 572
f 551 572 584
f 572 558 587
f 584 587 561
f 572 587 584
f 551 584 588
f 584 561 592
f 588 592 562
f 584 592 588
f 552 568 579
f 568 556 582
f 579 582 560
f 568 582 579
f 556 591 569
f 591 562 590
f 569 590 555
f 591 590 569
f 562 592 589
f 592 561 585
f 589 585 553
f 592 585 589
f 561 587 586
f 587 558 574
f 586 574 557
f 587 574 586
f 558 573 578
f 573 552 575
f 578 575 559
f 573 575 578
f 554 580 566
f 580 560 581
f 566 581 555
f 580 581 566
f 554 566 564
f 566 555 565
f 564 565 553
f 566 565 564
f 554 564 571
f 564 553 570
f 571 570 557
f 564 570 571
f 554 571 576
f 571 557 577
f 576 577 559
f 571 577 576
f 554 576 580
f 576 559 583
f 580 583 560
f 576 583 580
f 555 581 569
f 581 560 582
f 569 582 556
f 581 582 569
f 553 565 589
f 565 555 590
f 589 590 562
f 565 590 589
f 557 570 586
f 570 553 585
f 586 585 561
f 570 585 586
f 559 577 578
f 577 557 574
f 578 574 558
f 577 574 578
f 560 583 579
f 583 559 575
f 579 575 552
f 583 575 579

o CANOPY_0_7
usemtl green2
v 0.303081 4.164247 0.111122
v 2.101082 4.164247 0.111122
v 0.303081 4.164247 2.293041
v 2.101082 4.164247 2.293041
v 1.202082 4.552143 1.876332
v 1.202082 4.552143 0.527831
v 1.202082 3.776350 1.876332
v 1.202082 3.776350 0.527831
v 2.656694 3.924513 1.202082
v 2.656694 4.403980 1.202082
v -0.252531 3.924513 1.202082
v -0.252531 4.403980 1.202082
v 1.202082 4.164247 -0.080418
v 1.202082 4.164247 2.484582
v 0.673662 4.392247 2.239646
v 1.730501 4.392247 2.239646
v 0.673662 4.392247 0.164517
v 1.730501 4.392247 0.164517
v 1.202082 4.620247 1.202082
v 0.673662 3.936247 2.239646
v 1.730501 3.936247 2.239646
v 0.673662 3.936247 0.164517
v 1.730501 3.936247 0.164517
v 1.202082 3.708247 1.202082
v 2.585501 4.023335 0.560832
v 2.585501 4.023335 1.843332
v 2.057082 3.795335 1.598396
v 2.057082 3.795335 0.805767
v 2.585501 4.305158 0.560832
v 2.585501 4.305158 1.843332
v 2.057082 4.533158 1.598396
v 2.057082 4.533158 0.805767
v 2.912082 4.164247 1.202082
v -0.181338 4.023335 0.560832
v -0.181338 4.023335 1.843332
v 0.347082 3.795335 1.598396
v 0.347082 3.795335 0.805767
v -0.181338 4.305158 0.560832
v -0.181338 4.305158 1.843332
v 0.347082 4.533158 1.598396
v 0.347082 4.533158 0.805767
v -0.507918 4.164247 1.202082
f 593 630 609
f 630 604 633
f 609 633 598
f 630 633 609
f 593 609 605
f 609 598 610
f 605 610 594
f 609 610 605
f 593 605 614
f 605 594 615
f 614 615 600
f 605 615 614
f 593 614 626
f 614 600 629
f 626 629 603
f 614 629 626
f 593 626 630
f 626 603 634
f 630 634 604
f 626 634 630
f 594 610 621
f 610 598 624
f 621 624 602
f 610 624 621
f 598 633 611
f 633 604 632
f 611 632 597
f 633 632 611
f 604 634 631
f 634 603 627
f 631 627 595
f 634 627 631
f 603 629 628
f 629 600 616
f 628 616 599
f 629 616 628
f 600 615 620
f 615 594 617
f 620 617 601
f 615 617 620
f 596 622 608
f 622 602 623
f 608 623 597
f 622 623 608
f 596 608 606
f 608 597 607
f 606 607 595
f 608 607 606
f 596 606 613
f 606 595 612
f 613 612 599
f 606 612 613
f 596 613 618
f 613 599 619
f 618 619 601
f 613 619 618
f 596 618 622
f 618 601 625
f 622 625 602
f 618 625 622
f 597 623 611
f 623 602 624
f 611 624 598
f 623 624 611
f 595 607 631
f 607 597 632
f 631 632 604
f 607 632 631
f 599 612 628
f 612 595 627
f 628 627 603
f 612 627 628
f 601 619 620
f 619 599 616
f 620 616 600
f 619 616 620
f 602 625 621
f 625 601 617
f 621 617 594
f 625 617 621

o CANOPY_1_0
usemtl green
v 2.025741 4.300000 -1.520268
v 3.923630 4.300000 -1.520268
v 2.025741 4.300000 0.742463
v 3.923630 4.300000 0.742463
v 2.974686 4.663653 0.310320
v 2.974686 4.663653 -1.088125
v 2.974686 3.936347 0.310320
v 2.974686 3.936347 -1.088125
v 4.510110 4.075250 -0.388902
v 4.510110 4.524750 -0.388902
v 1.439261 4.075250 -0.388902
v 1.439261 4.524750 -0.388902
v 2.974686 4.300000 -1.718902
v 2.974686 4.300000 0.941098
v 2.416910 4.513750 0.687090
v 3.532461 4.513750 0.687090
v 2.416910 4.513750 -1.464895
v 3.532461 4.513750 -1.464895
v 2.974686 4.727500 -0.388902
v 2.416910 4.086250 0.687090
v 3.532461 4.086250 0.687090
v 2.416910 4.086250 -1.464895
v 3.532461 4.086250 -1.464895
v 2.974686 3.872500 -0.388902
v 4.434961 4.167895 -1.053902
v 4.434961 4.167895 0.276098
v 3.877186 3.954145 0.022090
v 3.877186 3.954145 -0.799895
v 4.434961 4.432105 -1.053902
v 4.434961 4.432105 0.276098
v 3.877186 4.645855 0.022090
v 3.877186 4.645855 -0.799895
v 4.779686 4.300000 -0.388902
v 1.514410 4.167895 -1.053902
v 1.514410 4.167895 0.276098
v 2.072186 3.954145 0.022090
v 2.072186 3.954145 -0.799895
v 1.514410 4.432105 -1.053902
v 1.514410 4.432105 0.276098
v 2.072186 4.645855 0.022090
v 2.072186 4.645855 -0.799895
v 1.169686 4.300000 -0.388902
f 635 672 651
f 672 646 675
f 651 675 640
f 672 675 651
f 635 651 647
f 651 640 652
f 647 652 636
f 651 652 647
f 635 647 656
f 647 636 657
f 656 657 642
f 647 657 656
f 635 656 668
f 656 642 671
f 668 671 645
f 656 671 668
f 635 668 672
f 668 645 676
f 672 676 646
f 668 676 672
f 636 652 663
f 652 640 666
f 663 666 644
f 652 666 663
f 640 675 653
f 675 646 674
f 653 674 639
f 675 674 653
f 646 676 673
f 676 645 669
f 673 669 637
f 676 669 673
f 645 671 670
f 671 642 658
f 670 658 641
f 671 658 670
f 642 657 662
f 657 636 659
f 662 659 643
f 657 659 662
f 638 664 650
f 664 644 665
f 650 665 639
f 664 665 650
f 638 650 648
f 650 639 649
f 648 649 637
f 650 649 648
f 638 648 655
f 648 637 654
f 655 654 641
f 648 654 655
f 638 655 660
f 655 641 661
f 660 661 643
f 655 661 660
f 638 660 664
f 660 643 667
f 664 667 644
f 660 667 664
f 639 665 653
f 665 644 666
f 653 666 640
f 665 666 653
f 637 649 673
f 649 639 674
f 673 674 646
f 649 674 673
f 641 654 670
f 654 637 669
f 670 669 645
f 654 669 670
f 643 661 662
f 661 641 658
f 662 658 642
f 661 658 662
f 644 667 663
f 667 643 659
f 663 659 636
f 667 659 663

o CANOPY_1_1
usemtl green2
v 1.432757 4.510368 -2.955508
v 3.330647 4.510368 -2.955508
v 1.432757 4.510368 -0.692777
v 3.330647 4.510368 -0.692777
v 2.381702 4.874021 -1.124920
v 2.381702 4.874021 -2.523365
v 2.381702 4.146715 -1.124920
v 2.381702 4.146715 -2.523365
v 3.917127 4.285618 -1.824142
v 3.917127 4.735118 -1.824142
v 0.846277 4.285618 -1.824142
v 0.846277 4.735118 -1.824142
v 2.381702 4.510368 -3.154142
v 2.381702 4.510368 -0.494142
v 1.823926 4.724118 -0.748150
v 2.939478 4.724118 -0.748150
v 1.823926 4.724118 -2.900135
v 2.939478 4.724118 -2.900135
v 2.381702 4.937868 -1.824142
v 1.823926 4.296618 -0.748150
v 2.939478 4.296618 -0.748150
v 1.823926 4.296618 -2.900135
v 2.939478 4.296618 -2.900135
v 2.381702 4.082868 -1.824142
v 3.841978 4.378263 -2.489142
v 3.841978 4.378263 -1.159142
v 3.284202 4.164513 -1.413150
v 3.284202 4.164513 -2.235135
v 3.841978 4.642473 -2.489142
v 3.841978 4.642473 -1.159142
v 3.284202 4.856223 -1.413150
v 3.284202 4.856223 -2.235135
v 4.186702 4.510368 -1.824142
v 0.921426 4.378263 -2.489142
v 0.921426 4.378263 -1.159142
v 1.479202 4.164513 -1.413150
v 1.479202 4.164513 -2.235135
v 0.921426 4.642473 -2.489142
v 0.921426 4.642473 -1.159142
v 1.479202 4.856223 -1.413150
v 1.479202 4.856223 -2.235135
v 0.576702 4.510368 -1.824142
f 677 714 693
f 714 688 717
f 693 717 682
f 714 717 693
f 677 693 689
f 693 682 694
f 689 694 678
f 693 694 689
f 677 689 698
f 689 678 699
f 698 699 684
f 689 699 698
f 677 698 710
f 698 684 713
f 710 713 687
f 698 713 710
f 677 710 714
f 710 687 718
f 714 718 688
f 710 718 714
f 678 694 705
f 694 682 708
f 705 708 686
f 694 708 705
f 682 717 695
f 717 688 716
f 695 716 681
f 717 716 695
f 688 718 715
f 718 687 711
f 715 711 679
f 718 711 715
f 687 713 712
f 713 684 700
f 712 700 683
f 713 700 712
f 684 699 704
f 699 678 701
f 704 701 685
f 699 701 704
f 680 706 692
f 706 686 707
f 692 707 681
f 706 707 692
f 680 692 690
f 692 681 691
f 690 691 679
f 692 691 690
f 680 690 697
f 690 679 696
f 697 696 683
f 690 696 697
f 680 697 702
f 697 683 703
f 702 703 685
f 697 703 702
f 680 702 706
f 702 685 709
f 706 709 686
f 702 709 706
f 681 707 695
f 707 686 708
f 695 708 682
f 707 708 695
f 679 691 715
f 691 681 716
f 715 716 688
f 691 716 715
f 683 696 712
f 696 679 711
f 712 711 687
f 696 711 712
f 685 703 704
f 703 683 700
f 704 700 684
f 703 700 704
f 686 709 705
f 709 685 701
f 705 701 678
f 709 701 705

o CANOPY_1_2
usemtl green2
v 0.201599 4.527324 -3.901970
v 2.099488 4.527324 -3.901970
v 0.201599 4.527324 -1.639239
v 2.099488 4.527324 -1.639239
v 1.150543 4.890978 -2.071382
v 1.150543 4.890978 -3.469827
v 1.150543 4.163671 -2.071382
v 1.150543 4.163671 -3.469827
v 2.685968 4.302574 -2.770605
v 2.685968 4.752074 -2.770605
v -0.384881 4.302574 -2.770605
v -0.384881 4.752074 -2.770605
v 1.150543 4.527324 -4.100605
v 1.150543 4.527324 -1.440605
v 0.592768 4.741074 -1.694612
v 1.708319 4.741074 -1.694612
v 0.592768 4.741074 -3.846597
v 1.708319 4.741074 -3.846597
v 1.150543 4.954824 -2.770605
v 0.592768 4.313574 -1.694612
v 1.708319 4.313574 -1.694612
v 0.592768 4.313574 -3.846597
v 1.708319 4.313574 -3.846597
v 1.150543 4.099824 -2.770605
v 2.610819 4.395220 -3.435605
v 2.610819 4.395220 -2.105605
v 2.053043 4.181470 -2.359612
v 2.053043 4.181470 -3.181597
v 2.610819 4.659429 -3.435605
v 2.610819 4.659429 -2.105605
v 2.053043 4.873179 -2.359612
v 2.053043 4.873179 -3.181597
v 2.955543 4.527324 -2.770605
v -0.309732 4.395220 -3.435605
v -0.309732 4.395220 -2.105605
v 0.248043 4.181470 -2.359612
v 0.248043 4.181470 -3.181597
v -0.309732 4.659429 -3.435605
v -0.309732 4.659429 -2.105605
v 0.248043 4.873179 -2.359612
v 0.248043 4.873179 -3.181597
v -0.654457 4.527324 -2.770605
f 719 756 735
f 756 730 759
f 735 759 724
f 756 759 735
f 719 735 731
f 735 724 736
f 731 736 720
f 735 736 731
f 719 731 740
f 731 720 741
f 740 741 726
f 731 741 740
f 719 740 752
f 740 726 755
f 752 755 729
f 740 755 752
f 719 752 756
f 752 729 760
f 756 760 730
f 752 760 756
f 720 736 747
f 736 724 750
f 747 750 728
f 736 750 747
f 724 759 737
f 759 730 758
f 737 758 723
f 759 758 737
f 730 760 757
f 760 729 753
f 757 753 721
f 760 753 757
f 729 755 754
f 755 726 742
f 754 742 725
f 755 742 754
f 726 741 746
f 741 720 743
f 746 743 727
f 741 743 746
f 722 748 734
f 748 728 749
f 734 749 723
f 748 749 734
f 722 734 732
f 734 723 733
f 732 733 721
f 734 733 732
f 722 732 739
f 732 721 738
f 739 738 725
f 732 738 739
f 722 739 744
f 739 725 745
f 744 745 727
f 739 745 744
f 722 744 748
f 744 727 751
f 748 751 728
f 744 751 748
f 723 749 737
f 749 728 750
f 737 750 724
f 749 750 737
f 721 733 757
f 733 723 758
f 757 758 730
f 733 758 757
f 725 738 754
f 738 721 753
f 754 753 729
f 738 753 754
f 727 745 746
f 745 725 742
f 746 742 726
f 745 742 746
f 728 751 747
f 751 727 743
f 747 743 720
f 751 743 747

o CANOPY_1_3
usemtl green
v -1.337847 4.335280 -4.106051
v 0.560042 4.335280 -4.106051
v -1.337847 4.335280 -1.843320
v 0.560042 4.335280 -1.843320
v -0.388902 4.698933 -2.275463
v -0.388902 4.698933 -3.673908
v -0.388902 3.971627 -2.275463
v -0.388902 3.971627 -3.673908
v 1.146522 4.110530 -2.974686
v 1.146522 4.560030 -2.974686
v -1.924327 4.110530 -2.974686
v -1.924327 4.560030 -2.974686
v -0.388902 4.335280 -4.304686
v -0.388902 4.335280 -1.644686
v -0.946678 4.549030 -1.898693
v 0.168873 4.549030 -1.898693
v -0.946678 4.549030 -4.050678
v 0.168873 4.549030 -4.050678
v -0.388902 4.762780 -2.974686
v -0.946678 4.121530 -1.898693
v 0.168873 4.121530 -1.898693
v -0.946678 4.121530 -4.050678
v 0.168873 4.121530 -4.050678
v -0.388902 3.907780 -2.974686
v 1.071373 4.203175 -3.639686
v 1.071373 4.203175 -2.309686
v 0.513598 3.989425 -2.563693
v 0.513598 3.989425 -3.385678
v 1.071373 4.467385 -3.639686
v 1.071373 4.467385 -2.309686
v 0.513598 4.681135 -2.563693
v 0.513598 4.681135 -3.385678
v 1.416098 4.335280 -2.974686
v -1.849178 4.203175 -3.639686
v -1.849178 4.203175 -2.309686
v -1.291402 3.989425 -2.563693
v -1.291402 3.989425 -3.385678
v -1.849178 4.467385 -3.639686
v -1.849178 4.467385 -2.309686
v -1.291402 4.681135 -2.563693
v -1.291402 4.681135 -3.385678
v -2.193902 4.335280 -2.974686
f 761 798 777
f 798 772 801
f 777 801 766
f 798 801 777
f 761 777 773
f 777 766 778
f 773 778 762
f 777 778 773
f 761 773 782
f 773 762 783
f 782 783 768
f 773 783 782
f 761 782 794
f 782 768 797
f 794 797 771
f 782 797 794
f 761 794 798
f 794 771 802
f 798 802 772
f 794 802 798
f 762 778 789
f 778 766 792
f 789 792 770
f 778 792 789
f 766 801 779
f 801 772 800
f 779 800 765
f 801 800 779
f 772 802 799
f 802 771 795
f 799 795 763
f 802 795 799
f 771 797 796
f 797 768 784
f 796 784 767
f 797 784 796
f 768 783 788
f 783 762 785
f 788 785 769
f 783 785 788
f 764 790 776
f 790 770 791
f 776 791 765
f 790 791 776
f 764 776 774
f 776 765 775
f 774 775 763
f 776 775 774
f 764 774 781
f 774 763 780
f 781 780 767
f 774 780 781
f 764 781 786
f 781 767 787
f 786 787 769
f 781 787 786
f 764 786 790
f 786 769 793
f 790 793 770
f 786 793 790
f 765 791 779
f 791 770 792
f 779 792 766
f 791 792 779
f 763 775 799
f 775 765 800
f 799 800 772
f 775 800 799
f 767 780 796
f 780 763 795
f 796 795 771
f 780 795 796
f 769 787 788
f 787 767 784
f 788 784 768
f 787 784 788
f 770 793 789
f 793 769 785
f 789 785 762
f 793 785 789

o CANOPY_1_4
usemtl green2
v -2.773087 4.110799 -3.513068
v -0.875198 4.110799 -3.513068
v -2.773087 4.110799 -1.250337
v -0.875198 4.110799 -1.250337
v -1.824142 4.474453 -1.682480
v -1.824142 4.474453 -3.080925
v -1.824142 3.747146 -1.682480
v -1.824142 3.747146 -3.080925
v -0.288718 3.886049 -2.381702
v -0.288718 4.335549 -2.381702
v -3.359567 3.886049 -2.381702
v -3.359567 4.335549 -2.381702
v -1.824142 4.110799 -3.711702
v -1.824142 4.110799 -1.051702
v -2.381918 4.324549 -1.305710
v -1.266367 4.324549 -1.305710
v -2.381918 4.324549 -3.457695
v -1.266367 4.324549 -3.457695
v -1.824142 4.538299 -2.381702
v -2.381918 3.897049 -1.305710
v -1.266367 3.897049 -1.305710
v -2.381918 3.897049 -3.457695
v -1.266367 3.897049 -3.457695
v -1.824142 3.683299 -2.381702
v -0.363867 3.978695 -3.046702
v -0.363867 3.978695 -1.716702
v -0.921642 3.764945 -1.970710
v -0.921642 3.764945 -2.792695
v -0.363867 4.242904 -3.046702
v -0.363867 4.242904 -1.716702
v -0.921642 4.456654 -1.970710
v -0.921642 4.456654 -2.792695
v -0.019142 4.110799 -2.381702
v -3.284418 3.978695 -3.046702
v -3.284418 3.978695 -1.716702
v -2.726642 3.764945 -1.970710
v -2.726642 3.764945 -2.792695
v -3.284418 4.242904 -3.046702
v -3.284418 4.242904 -1.716702
v -2.726642 4.456654 -1.970710
v -2.726642 4.456654 -2.792695
v -3.629142 4.110799 -2.381702
f 803 840 819
f 840 814 843
f 819 843 808
f 840 843 819
f 803 819 815
f 819 808 820
f 815 820 804
f 819 820 815
f 803 815 824
f 815 804 825
f 824 825 810
f 815 825 824
f 803 824 836
f 824 810 839
f 836 839 813
f 824 839 836
f 803 836 840
f 836 813 844
f 840 844 814
f 836 844 840
f 804 820 831
f 820 808 834
f 831 834 812
f 820 834 831
f 808 843 821
f 843 814 842
f 821 842 807
f 843 842 821
f 814 844 841
f 844 813 837
f 841 837 805
f 844 837 841
f 813 839 838
f 839 810 826
f 838 826 809
f 839 826 838
f 810 825 830
f 825 804 827
f 830 827 811
f 825 827 830
f 806 832 818
f 832 812 833
f 818 833 807
f 832 833 818
f 806 818 816
f 818 807 817
f 816 817 805
f 818 817 816
f 806 816 823
f 816 805 822
f 823 822 809
f 816 822 823
f 806 823 828
f 823 809 829
f 828 829 811
f 823 829 828
f 806 828 832
f 828 811 835
f 832 835 812
f 828 835 832
f 807 833 821
f 833 812 834
f 821 834 808
f 833 834 821
f 805 817 841
f 817 807 842
f 841 842 814
f 817 842 841
f 809 822 838
f 822 805 837
f 838 837 813
f 822 837 838
f 811 829 830
f 829 809 826
f 830 826 810
f 829 826 830
f 812 835 831
f 835 811 827
f 831 827 804
f 835 827 831

o CANOPY_1_5
usemtl green2
v -3.719549 4.060269 -2.281909
v -1.821660 4.060269 -2.281909
v -3.719549 4.060269 -0.019178
v -1.821660 4.060269 -0.019178
v -2.770605 4.423922 -0.451321
v -2.770605 4.423922 -1.849766
v -2.770605 3.696616 -0.451321
v -2.770605 3.696616 -1.849766
v -1.235180 3.835519 -1.150543
v -1.235180 4.285019 -1.150543
v -4.306029 3.835519 -1.150543
v -4.306029 4.285019 -1.150543
v -2.770605 4.060269 -2.480543
v -2.770605 4.060269 0.179457
v -3.328380 4.274019 -0.074551
v -2.212829 4.274019 -0.074551
v -3.328380 4.274019 -2.226536
v -2.212829 4.274019 -2.226536
v -2.770605 4.487769 -1.150543
v -3.328380 3.846519 -0.074551
v -2.212829 3.846519 -0.074551
v -3.328380 3.846519 -2.226536
v -2.212829 3.846519 -2.226536
v -2.770605 3.632769 -1.150543
v -1.310329 3.928164 -1.815543
v -1.310329 3.928164 -0.485543
v -1.868105 3.714414 -0.739551
v -1.868105 3.714414 -1.561536
v -1.310329 4.192374 -1.815543
v -1.310329 4.192374 -0.485543
v -1.868105 4.406124 -0.739551
v -1.868105 4.406124 -1.561536
v -0.965605 4.060269 -1.150543
v -4.230880 3.928164 -1.815543
v -4.230880 3.928164 -0.485543
v -3.673105 3.714414 -0.739551
v -3.673105 3.714414 -1.561536
v -4.230880 4.192374 -1.815543
v -4.230880 4.192374 -0.485543
v -3.673105 4.406124 -0.739551
v -3.673105 4.406124 -1.561536
v -4.575605 4.060269 -1.150543
f 845 882 861
f 882 856 885
f 861 885 850
f 882 885 861
f 845 861 857
f 861 850 862
f 857 862 846
f 861 862 857
f 845 857 866
f 857 846 867
f 866 867 852
f 857 867 866
f 845 866 878
f 866 852 881
f 878 881 855
f 866 881 878
f 845 878 882
f 878 855 886
f 882 886 856
f 878 886 882
f 846 862 873
f 862 850 876
f 873 876 854
f 862 876 873
f 850 885 863
f 885 856 884
f 863 884 849
f 885 884 863
f 856 886 883
f 886 855 879
f 883 879 847
f 886 879 883
f 855 881 880
f 881 852 868
f 880 868 851
f 881 868 880
f 852 867 872
f 867 846 869
f 872 869 853
f 867 869 872
f 848 874 860
f 874 854 875
f 860 875 849
f 874 875 860
f 848 860 858
f 860 849 859
f 858 859 847
f 860 859 858
f 848 858 865
f 858 847 864
f 865 864 851
f 858 864 865
f 848 865 870
f 865 851 871
f 870 871 853
f 865 871 870
f 848 870 874
f 870 853 877
f 874 877 854
f 870 877 874
f 849 875 863
f 875 854 876
f 863 876 850
f 875 876 863
f 847 859 883
f 859 849 884
f 883 884 856
f 859 884 883
f 851 864 880
f 864 847 879
f 880 879 855
f 864 879 880
f 853 871 872
f 871 851 868
f 872 868 852
f 871 868 872
f 854 877 873
f 877 853 869
f 873 869 846
f 877 869 873

o CANOPY_1_6
usemtl green
v -3.923630 4.230146 -0.742463
v -2.025741 4.230146 -0.742463
v -3.923630 4.230146 1.520268
v -2.025741 4.230146 1.520268
v -2.974686 4.593799 1.088125
v -2.974686 4.593799 -0.310320
v -2.974686 3.866493 1.088125
v -2.974686 3.866493 -0.310320
v -1.439261 4.005396 0.388902
v -1.439261 4.454896 0.388902
v -4.510110 4.005396 0.388902
v -4.510110 4.454896 0.388902
v -2.974686 4.230146 -0.941098
v -2.974686 4.230146 1.718902
v -3.532461 4.443896 1.464895
v -2.416910 4.443896 1.464895
v -3.532461 4.443896 -0.687090
v -2.416910 4.443896 -0.687090
v -2.974686 4.657646 0.388902
v -3.532461 4.016396 1.464895
v -2.416910 4.016396 1.464895
v -3.532461 4.016396 -0.687090
v -2.416910 4.016396 -0.687090
v -2.974686 3.802646 0.388902
v -1.514410 4.098041 -0.276098
v -1.514410 4.098041 1.053902
v -2.072186 3.884291 0.799895
v -2.072186 3.884291 -0.022090
v -1.514410 4.362251 -0.276098
v -1.514410 4.362251 1.053902
v -2.072186 4.576001 0.799895
v -2.072186 4.576001 -0.022090
v -1.169686 4.230146 0.388902
v -4.434961 4.098041 -0.276098
v -4.434961 4.098041 1.053902
v -3.877186 3.884291 0.799895
v -3.877186 3.884291 -0.022090
v -4.434961 4.362251 -0.276098
v -4.434961 4.362251 1.053902
v -3.877186 4.576001 0.799895
v -3.877186 4.576001 -0.022090
v -4.779686 4.230146 0.388902
f 887 924 903
f 924 898 927
f 903 927 892
f 924 927 903
f 887 903 899
f 903 892 904
f 899 904 888
f 903 904 899
f 887 899 908
f 899 888 909
f 908 909 894
f 899 909 908
f 887 908 920
f 908 894 923
f 920 923 897
f 908 923 920
f 887 920 924
f 920 897 928
f 924 928 898
f 920 928 924
f 888 904 915
f 904 892 918
f 915 918 896
f 904 918 915
f 892 927 905
f 927 898 926
f 905 926 891
f 927 926 905
f 898 928 925
f 928 897 921
f 925 921 889
f 928 921 925
f 897 923 922
f 923 894 910
f 922 910 893
f 923 910 922
f 894 909 914
f 909 888 911
f 914 911 895
f 909 911 914
f 890 916 902
f 916 896 917
f 902 917 891
f 916 917 902
f 890 902 900
f 902 891 901
f 900 901 889
f 902 901 900
f 890 900 907
f 900 889 906
f 907 906 893
f 900 906 907
f 890 907 912
f 907 893 913
f 912 913 895
f 907 913 912
f 890 912 916
f 912 895 919
f 916 919 896
f 912 919 916
f 891 917 905
f 917 896 918
f 905 918 892
f 917 918 905
f 889 901 925
f 901 891 926
f 925 926 898
f 901 926 925
f 893 906 922
f 906 889 921
f 922 921 897
f 906 921 922
f 895 913 914
f 913 893 910
f 914 910 894
f 913 910 914
f 896 919 915
f 919 895 911
f 915 911 888
f 919 911 915

o CANOPY_1_7
usemtl green2
v -3.330647 4.464247 0.692777
v -1.432757 4.464247 0.692777
v -3.330647 4.464247 2.955508
v -1.432757 4.464247 2.955508
v -2.381702 4.827900 2.523365
v -2.381702 4.827900 1.124920
v -2.381702 4.100593 2.523365
v -2.381702 4.100593 1.124920
v -0.846277 4.239497 1.824142
v -0.846277 4.688997 1.824142
v -3.917127 4.239497 1.824142
v -3.917127 4.688997 1.824142
v -2.381702 4.464247 0.494142
v -2.381702 4.464247 3.154142
v -2.939478 4.677997 2.900135
v -1.823926 4.677997 2.900135
v -2.939478 4.677997 0.748150
v -1.823926 4.677997 0.748150
v -2.381702 4.891747 1.824142
v -2.939478 4.250497 2.900135
v -1.823926 4.250497 2.900135
v -2.939478 4.250497 0.748150
v -1.823926 4.250497 0.748150
v -2.381702 4.036747 1.824142
v -0.921426 4.332142 1.159142
v -0.921426 4.332142 2.489142
v -1.479202 4.118392 2.235135
v -1.479202 4.118392 1.413150
v -0.921426 4.596351 1.159142
v -0.921426 4.596351 2.489142
v -1.479202 4.810101 2.235135
v -1.479202 4.810101 1.413150
v -0.576702 4.464247 1.824142
v -3.841978 4.332142 1.159142
v -3.841978 4.332142 2.489142
v -3.284202 4.118392 2.235135
v -3.284202 4.118392 1.413150
v -3.841978 4.596351 1.159142
v -3.841978 4.596351 2.489142
v -3.284202 4.810101 2.235135
v -3.284202 4.810101 1.413150
v -4.186702 4.464247 1.824142
f 929 966 945
f 966 940 969
f 945 969 934
f 966 969 945
f 929 945 941
f 945 934 946
f 941 946 930
f 945 946 941
f 929 941 950
f 941 930 951
f 950 951 936
f 941 951 950
f 929 950 962
f 950 936 965
f 962 965 939
f 950 965 962
f 929 962 966
f 962 939 970
f 966 970 940
f 962 970 966
f 930 946 957
f 946 934 960
f 957 960 938
f 946 960 957
f 934 969 947
f 969 940 968
f 947 968 933
f 969 968 947
f 940 970 967
f 970 939 963
f 967 963 931
f 970 963 967
f 939 965 964
f 965 936 952
f 964 952 935
f 965 952 964
f 936 951 956
f 951 930 953
f 956 953 937
f 951 953 956
f 932 958 944
f 958 938 959
f 944 959 933
f 958 959 944
f 932 944 942
f 944 933 943
f 942 943 931
f 944 943 942
f 932 942 949
f 942 931 948
f 949 948 935
f 942 948 949
f 932 949 954
f 949 935 955
f 954 955 937
f 949 955 954
f 932 954 958
f 954 937 961
f 958 961 938
f 954 961 958
f 933 959 947
f 959 938 960
f 947 960 934
f 959 960 947
f 931 943 967
f 943 933 968
f 967 968 940
f 943 968 967
f 935 948 964
f 948 931 963
f 964 963 939
f 948 963 964
f 937 955 956
f 955 935 952
f 956 952 936
f 955 952 956
f 938 961 957
f 961 937 953
f 957 953 930
f 961 953 957

o CANOPY_1_8
usemtl green2
v -2.099488 4.547340 1.639239
v -0.201599 4.547340 1.639239
v -2.099488 4.547340 3.901970
v -0.201599 4.547340 3.901970
v -1.150543 4.910993 3.469827
v -1.150543 4.910993 2.071382
v -1.150543 4.183686 3.469827
v -1.150543 4.183686 2.071382
v 0.384881 4.322590 2.770605
v 0.384881 4.772090 2.770605
v -2.685968 4.322590 2.770605
v -2.685968 4.772090 2.770605
v -1.150543 4.547340 1.440605
v -1.150543 4.547340 4.100605
v -1.708319 4.761090 3.846597
v -0.592768 4.761090 3.846597
v -1.708319 4.761090 1.694612
v -0.592768 4.761090 1.694612
v -1.150543 4.974840 2.770605
v -1.708319 4.333590 3.846597
v -0.592768 4.333590 3.846597
v -1.708319 4.333590 1.694612
v -0.592768 4.333590 1.694612
v -1.150543 4.119840 2.770605
v 0.309732 4.415235 2.105605
v 0.309732 4.415235 3.435605
v -0.248043 4.201485 3.181597
v -0.248043 4.201485 2.359612
v 0.309732 4.679444 2.105605
v 0.309732 4.679444 3.435605
v -0.248043 4.893194 3.181597
v -0.248043 4.893194 2.359612
v 0.654457 4.547340 2.770605
v -2.610819 4.415235 2.105605
v -2.610819 4.415235 3.435605
v -2.053043 4.201485 3.181597
v -2.053043 4.201485 2.359612
v -2.610819 4.679444 2.105605
v -2.610819 4.679444 3.435605
v -2.053043 4.893194 3.181597
v -2.053043 4.893194 2.359612
v -2.955543 4.547340 2.770605
f 971 1008 987
f 1008 982 1011
f 987 1011 976
f 1008 1011 987
f 971 987 983
f 987 976 988
f 983 988 972
f 987 988 983
f 971 983 992
f 983 972 993
f 992 993 978
f 983 993 992
f 971 992 1004
f 992 978 1007
f 1004 1007 981
f 992 1007 1004
f 971 1004 1008
f 1004 981 1012
f 1008 1012 982
f 1004 1012 1008
f 972 988 999
f 988 976 1002
f 999 1002 980
f 988 1002 999
f 976 1011 989
f 1011 982 1010
f 989 1010 975
f 1011 1010 989
f 982 1012 1009
f 1012 981 1005
f 1009 1005 973
f 1012 1005 1009
f 981 1007 1006
f 1007 978 994
f 1006 994 977
f 1007 994 1006
f 978 993 998
f 993 972 995
f 998 995 979
f 993 995 998
f 974 1000 986
f 1000 980 1001
f 986 1001 975
f 1000 1001 986
f 974 986 984
f 986 975 985
f 984 985 973
f 986 985 984
f 974 984 991
f 984 973 990
f 991 990 977
f 984 990 991
f 974 991 996
f 991 977 997
f 996 997 979
f 991 997 996
f 974 996 1000
f 996 979 1003
f 1000 1003 980
f 996 1003 1000
f 975 1001 989
f 1001 980 1002
f 989 1002 976
f 1001 1002 989
f 973 985 1009
f 985 975 1010
f 1009 1010 982
f 985 1010 1009
f 977 990 1006
f 990 973 1005
f 1006 1005 981
f 990 1005 1006
f 979 997 998
f 997 977 994
f 998 994 978
f 997 994 998
f 980 1003 999
f 1003 979 995
f 999 995 972
f 1003 995 999

o CANOPY_1_9
usemtl green
v -0.560042 4.403030 1.843320
v 1.337847 4.403030 1.843320
v -0.560042 4.403030 4.106051
v 1.337847 4.403030 4.106051
v 0.388902 4.766683 3.673908
v 0.388902 4.766683 2.275463
v 0.388902 4.039376 3.673908
v 0.388902 4.039376 2.275463
v 1.924327 4.178280 2.974686
v 1.924327 4.627780 2.974686
v -1.146522 4.178280 2.974686
v -1.146522 4.627780 2.974686
v 0.388902 4.403030 1.644686
v 0.388902 4.403030 4.304686
v -0.168873 4.616780 4.050678
v 0.946678 4.616780 4.050678
v -0.168873 4.616780 1.898693
v 0.946678 4.616780 1.898693
v 0.388902 4.830530 2.974686
v -0.168873 4.189280 4.050678
v 0.946678 4.189280 4.050678
v -0.168873 4.189280 1.898693
v 0.946678 4.189280 1.898693
v 0.388902 3.975530 2.974686
v 1.849178 4.270925 2.309686
v 1.849178 4.270925 3.639686
v 1.291402 4.057175 3.385678
v 1.291402 4.057175 2.563693
v 1.849178 4.535134 2.309686
v 1.849178 4.535134 3.639686
v 1.291402 4.748884 3.385678
v 1.291402 4.748884 2.563693
v 2.193902 4.403030 2.974686
v -1.071373 4.270925 2.309686
v -1.071373 4.270925 3.639686
v -0.513598 4.057175 3.385678
v -0.513598 4.057175 2.563693
v -1.071373 4.535134 2.309686
v -1.071373 4.535134 3.639686
v -0.513598 4.748884 3.385678
v -0.513598 4.748884 2.563693
v -1.416098 4.403030 2.974686
f 1013 1050 1029
f 1050 1024 1053
f 1029 1053 1018
f 1050 1053 1029
f 1013 1029 1025
f 1029 1018 1030
f 1025 1030 1014
f 1029 1030 1025
f 1013 1025 1034
f 1025 1014 1035
f 1034 1035 1020
f 1025 1035 1034
f 1013 1034 1046
f 1034 1020 1049
f 1046 1049 1023
f 1034 1049 1046
f 1013 1046 1050
f 1046 1023 1054
f 1050 1054 1024
f 1046 1054 1050
f 1014 1030 1041
f 1030 1018 1044
f 1041 1044 1022
f 1030 1044 1041
f 1018 1053 1031
f 1053 1024 1052
f 1031 1052 1017
f 1053 1052 1031
f 1024 1054 1051
f 1054 1023 1047
f 1051 1047 1015
f 1054 1047 1051
f 1023 1049 1048
f 1049 1020 1036
f 1048 1036 1019
f 1049 1036 1048
f 1020 1035 1040
f 1035 1014 1037
f 1040 1037 1021
f 1035 1037 1040
f 1016 1042 1028
f 1042 1022 1043
f 1028 1043 1017
f 1042 1043 1028
f 1016 1028 1026
f 1028 1017 1027
f 1026 1027 1015
f 1028 1027 1026
f 1016 1026 1033
f 1026 1015 1032
f 1033 1032 1019
f 1026 1032 1033
f 1016 1033 1038
f 1033 1019 1039
f 1038 1039 1021
f 1033 1039 1038
f 1016 1038 1042
f 1038 1021 1045
f 1042 1045 1022
f 1038 1045 1042
f 1017 1043 1031
f 1043 1022 1044
f 1031 1044 1018
f 1043 1044 1031
f 1015 1027 1051
f 1027 1017 1052
f 1051 1052 1024
f 1027 1052 1051
f 1019 1032 1048
f 1032 1015 1047
f 1048 1047 1023
f 1032 1047 1048
f 1021 1039 1040
f 1039 1019 1036
f 1040 1036 1020
f 1039 1036 1040
f 1022 1045 1041
f 1045 1021 1037
f 1041 1037 1014
f 1045 1037 1041

o CANOPY_1_10
usemtl green2
v 0.875198 4.163995 1.250337
v 2.773087 4.163995 1.250337
v 0.875198 4.163995 3.513068
v 2.773087 4.163995 3.513068
v 1.824142 4.527648 3.080925
v 1.824142 4.527648 1.682480
v 1.824142 3.800342 3.080925
v 1.824142 3.800342 1.682480
v 3.359567 3.939245 2.381702
v 3.359567 4.388745 2.381702
v 0.288718 3.939245 2.381702
v 0.288718 4.388745 2.381702
v 1.824142 4.163995 1.051702
v 1.824142 4.163995 3.711702
v 1.266367 4.377745 3.457695
v 2.381918 4.377745 3.457695
v 1.266367 4.377745 1.305710
v 2.381918 4.377745 1.305710
v 1.824142 4.591495 2.381702
v 1.266367 3.950245 3.457695
v 2.381918 3.950245 3.457695
v 1.266367 3.950245 1.305710
v 2.381918 3.950245 1.305710
v 1.824142 3.736495 2.381702
v 3.284418 4.031890 1.716702
v 3.284418 4.031890 3.046702
v 2.726642 3.818140 2.792695
v 2.726642 3.818140 1.970710
v 3.284418 4.296099 1.716702
v 3.284418 4.296099 3.046702
v 2.726642 4.509849 2.792695
v 2.726642 4.509849 1.970710
v 3.629142 4.163995 2.381702
v 0.363867 4.031890 1.716702
v 0.363867 4.031890 3.046702
v 0.921642 3.818140 2.792695
v 0.921642 3.818140 1.970710
v 0.363867 4.296099 1.716702
v 0.363867 4.296099 3.046702
v 0.921642 4.509849 2.792695
v 0.921642 4.509849 1.970710
v 0.019142 4.163995 2.381702
f 1055 1092 1071
f 1092 1066 1095
f 1071 1095 1060
f 1092 1095 1071
f 1055 1071 1067
f 1071 1060 1072
f 1067 1072 1056
f 1071 1072 1067
f 1055 1067 1076
f 1067 1056 1077
f 1076 1077 1062
f 1067 1077 1076
f 1055 1076 1088
f 1076 1062 1091
f 1088 1091 1065
f 1076 1091 1088
f 1055 1088 1092
f 1088 1065 1096
f 1092 1096 1066
f 1088 1096 1092
f 1056 1072 1083
f 1072 1060 1086
f 1083 1086 1064
f 1072 1086 1083
f 1060 1095 1073
f 1095 1066 1094
f 1073 1094 1059
f 1095 1094 1073
f 1066 1096 1093
f 1096 1065 1089
f 1093 1089 1057
f 1096 1089 1093
f 1065 1091 1090
f 1091 1062 1078
f 1090 1078 1061
f 1091 1078 1090
f 1062 1077 1082
f 1077 1056 1079
f 1082 1079 1063
f 1077 1079 1082
f 1058 1084 1070
f 1084 1064 1085
f 1070 1085 1059
f 1084 1085 1070
f 1058 1070 1068
f 1070 1059 1069
f 1068 1069 1057
f 1070 1069 1068
f 1058 1068 1075
f 1068 1057 1074
f 1075 1074 1061
f 1068 1074 1075
f 1058 1075 1080
f 1075 1061 1081
f 1080 1081 1063
f 1075 1081 1080
f 1058 1080 1084
f 1080 1063 1087
f 1084 1087 1064
f 1080 1087 1084
f 1059 1085 1073
f 1085 1064 1086
f 1073 1086 1060
f 1085 1086 1073
f 1057 1069 1093
f 1069 1059 1094
f 1093 1094 1066
f 1069 1094 1093
f 1061 1074 1090
f 1074 1057 1089
f 1090 1089 1065
f 1074 1089 1090
f 1063 1081 1082
f 1081 1061 1078
f 1082 1078 1062
f 1081 1078 1082
f 1064 1087 1083
f 1087 1063 1079
f 1083 1079 1056
f 1087 1079 1083

o CANOPY_1_11
usemtl green2
v 1.821660 4.050002 0.019178
v 3.719549 4.050002 0.019178
v 1.821660 4.050002 2.281909
v 3.719549 4.050002 2.281909
v 2.770605 4.413656 1.849766
v 2.770605 4.413656 0.451321
v 2.770605 3.686349 1.849766
v 2.770605 3.686349 0.451321
v 4.306029 3.825252 1.150543
v 4.306029 4.274752 1.150543
v 1.235180 3.825252 1.150543
v 1.235180 4.274752 1.150543
v 2.770605 4.050002 -0.179457
v 2.770605 4.050002 2.480543
v 2.212829 4.263752 2.226536
v 3.328380 4.263752 2.226536
v 2.212829 4.263752 0.074551
v 3.328380 4.263752 0.074551
v 2.770605 4.477502 1.150543
v 2.212829 3.836252 2.226536
v 3.328380 3.836252 2.226536
v 2.212829 3.836252 0.074551
v 3.328380 3.836252 0.074551
v 2.770605 3.622502 1.150543
v 4.230880 3.917898 0.485543
v 4.230880 3.917898 1.815543
v 3.673105 3.704148 1.561536
v 3.673105 3.704148 0.739551
v 4.230880 4.182107 0.485543
v 4.230880 4.182107 1.815543
v 3.673105 4.395857 1.561536
v 3.673105 4.395857 0.739551
v 4.575605 4.050002 1.150543
v 1.310329 3.917898 0.485543
v 1.310329 3.917898 1.815543
v 1.868105 3.704148 1.561536
v 1.868105 3.704148 0.739551
v 1.310329 4.182107 0.485543
v 1.310329 4.182107 1.815543
v 1.868105 4.395857 1.561536
v 1.868105 4.395857 0.739551
v 0.965605 4.050002 1.150543
f 1097 1134 1113
f 1134 1108 1137
f 1113 1137 1102
f 1134 1137 1113
f 1097 1113 1109
f 1113 1102 1114
f 1109 1114 1098
f 1113 1114 1109
f 1097 1109 1118
f 1109 1098 1119
f 1118 1119 1104
f 1109 1119 1118
f 1097 1118 1130
f 1118 1104 1133
f 1130 1133 1107
f 1118 1133 1130
f 1097 1130 1134
f 1130 1107 1138
f 1134 1138 1108
f 1130 1138 1134
f 1098 1114 1125
f 1114 1102 1128
f 1125 1128 1106
f 1114 1128 1125
f 1102 1137 1115
f 1137 1108 1136
f 1115 1136 1101
f 1137 1136 1115
f 1108 1138 1135
f 1138 1107 1131
f 1135 1131 1099
f 1138 1131 1135
f 1107 1133 1132
f 1133 1104 1120
f 1132 1120 1103
f 1133 1120 1132
f 1104 1119 1124
f 1119 1098 1121
f 1124 1121 1105
f 1119 1121 1124
f 1100 1126 1112
f 1126 1106 1127
f 1112 1127 1101
f 1126 1127 1112
f 1100 1112 1110
f 1112 1101 1111
f 1110 1111 1099
f 1112 1111 1110
f 1100 1110 1117
f 1110 1099 1116
f 1117 1116 1103
f 1110 1116 1117
f 1100 1117 1122
f 1117 1103 1123
f 1122 1123 1105
f 1117 1123 1122
f 1100 1122 1126
f 1122 1105 1129
f 1126 1129 1106
f 1122 1129 1126
f 1101 1127 1115
f 1127 1106 1128
f 1115 1128 1102
f 1127 1128 1115
f 1099 1111 1135
f 1111 1101 1136
f 1135 1136 1108
f 1111 1136 1135
f 1103 1116 1132
f 1116 1099 1131
f 1132 1131 1107
f 1116 1131 1132
f 1105 1123 1124
f 1123 1103 1120
f 1124 1120 1104
f 1123 1120 1124
f 1106 1129 1125
f 1129 1105 1121
f 1125 1121 1098
f 1129 1121 1125

o CANOPY_2_0
usemtl green
v 3.113143 4.150000 -2.064178
v 4.811255 4.150000 -2.064178
v 3.113143 4.150000 -0.043882
v 4.811255 4.150000 -0.043882
v 3.962199 4.489410 -0.429725
v 3.962199 4.489410 -1.678336
v 3.962199 3.810590 -0.429725
v 3.962199 3.810590 -1.678336
v 5.336000 3.940233 -1.054030
v 5.336000 4.359767 -1.054030
v 2.588398 3.940233 -1.054030
v 2.588398 4.359767 -1.054030
v 3.962199 4.150000 -2.241530
v 3.962199 4.150000 0.133470
v 3.463136 4.349500 -0.093323
v 4.461261 4.349500 -0.093323
v 3.463136 4.349500 -2.014738
v 4.461261 4.349500 -2.014738
v 3.962199 4.549000 -1.054030
v 3.463136 3.950500 -0.093323
v 4.461261 3.950500 -0.093323
v 3.463136 3.950500 -2.014738
v 4.461261 3.950500 -2.014738
v 3.962199 3.751000 -1.054030
v 5.268761 4.026702 -1.647780
v 5.268761 4.026702 -0.460280
v 4.769699 3.827202 -0.687073
v 4.769699 3.827202 -1.420988
v 5.268761 4.273298 -1.647780
v 5.268761 4.273298 -0.460280
v 4.769699 4.472798 -0.687073
v 4.769699 4.472798 -1.420988
v 5.577199 4.150000 -1.054030
v 2.655636 4.026702 -1.647780
v 2.655636 4.026702 -0.460280
v 3.154699 3.827202 -0.687073
v 3.154699 3.827202 -1.420988
v 2.655636 4.273298 -1.647780
v 2.655636 4.273298 -0.460280
v 3.154699 4.472798 -0.687073
v 3.154699 4.472798 -1.420988
v 2.347199 4.150000 -1.054030
f 1139 1176 1155
f 1176 1150 1179
f 1155 1179 1144
f 1176 1179 1155
f 1139 1155 1151
f 1155 1144 1156
f 1151 1156 1140
f 1155 1156 1151
f 1139 1151 1160
f 1151 1140 1161
f 1160 1161 1146
f 1151 1161 1160
f 1139 1160 1172
f 1160 1146 1175
f 1172 1175 1149
f 1160 1175 1172
f 1139 1172 1176
f 1172 1149 1180
f 1176 1180 1150
f 1172 1180 1176
f 1140 1156 1167
f 1156 1144 1170
f 1167 1170 1148
f 1156 1170 1167
f 1144 1179 1157
f 1179 1150 1178
f 1157 1178 1143
f 1179 1178 1157
f 1150 1180 1177
f 1180 1149 1173
f 1177 1173 1141
f 1180 1173 1177
f 1149 1175 1174
f 1175 1146 1162
f 1174 1162 1145
f 1175 1162 1174
f 1146 1161 1166
f 1161 1140 1163
f 1166 1163 1147
f 1161 1163 1166
f 1142 1168 1154
f 1168 1148 1169
f 1154 1169 1143
f 1168 1169 1154
f 1142 1154 1152
f 1154 1143 1153
f 1152 1153 1141
f 1154 1153 1152
f 1142 1152 1159
f 1152 1141 1158
f 1159 1158 1145
f 1152 1158 1159
f 1142 1159 1164
f 1159 1145 1165
f 1164 1165 1147
f 1159 1165 1164
f 1142 1164 1168
f 1164 1147 1171
f 1168 1171 1148
f 1164 1171 1168
f 1143 1169 1157
f 1169 1148 1170
f 1157 1170 1144
f 1169 1170 1157
f 1141 1153 1177
f 1153 1143 1178
f 1177 1178 1150
f 1153 1178 1177
f 1145 1158 1174
f 1158 1141 1173
f 1174 1173 1149
f 1158 1173 1174
f 1147 1165 1166
f 1165 1145 1162
f 1166 1162 1146
f 1165 1162 1166
f 1148 1171 1167
f 1171 1147 1163
f 1167 1163 1140
f 1171 1163 1167

o CANOPY_2_1
usemtl green2
v 2.408179 4.360368 -3.500213
v 4.106290 4.360368 -3.500213
v 2.408179 4.360368 -1.479917
v 4.106290 4.360368 -1.479917
v 3.257235 4.699777 -1.865759
v 3.257235 4.699777 -3.114371
v 3.257235 4.020958 -1.865759
v 3.257235 4.020958 -3.114371
v 4.631036 4.150601 -2.490065
v 4.631036 4.570134 -2.490065
v 1.883434 4.150601 -2.490065
v 1.883434 4.570134 -2.490065
v 3.257235 4.360368 -3.677565
v 3.257235 4.360368 -1.302565
v 2.758172 4.559868 -1.529357
v 3.756297 4.559868 -1.529357
v 2.758172 4.559868 -3.450773
v 3.756297 4.559868 -3.450773
v 3.257235 4.759368 -2.490065
v 2.758172 4.160868 -1.529357
v 3.756297 4.160868 -1.529357
v 2.758172 4.160868 -3.450773
v 3.756297 4.160868 -3.450773
v 3.257235 3.961368 -2.490065
v 4.563797 4.237070 -3.083815
v 4.563797 4.237070 -1.896315
v 4.064735 4.037570 -2.123107
v 4.064735 4.037570 -2.857023
v 4.563797 4.483666 -3.083815
v 4.563797 4.483666 -1.896315
v 4.064735 4.683166 -2.123107
v 4.064735 4.683166 -2.857023
v 4.872235 4.360368 -2.490065
v 1.950672 4.237070 -3.083815
v 1.950672 4.237070 -1.896315
v 2.449735 4.037570 -2.123107
v 2.449735 4.037570 -2.857023
v 1.950672 4.483666 -3.083815
v 1.950672 4.483666 -1.896315
v 2.449735 4.683166 -2.123107
v 2.449735 4.683166 -2.857023
v 1.642235 4.360368 -2.490065
f 1181 1218 1197
f 1218 1192 1221
f 1197 1221 1186
f 1218 1221 1197
f 1181 1197 1193
f 1197 1186 1198
f 1193 1198 1182
f 1197 1198 1193
f 1181 1193 1202
f 1193 1182 1203
f 1202 1203 1188
f 1193 1203 1202
f 1181 1202 1214
f 1202 1188 1217
f 1214 1217 1191
f 1202 1217 1214
f 1181 1214 1218
f 1214 1191 1222
f 1218 1222 1192
f 1214 1222 1218
f 1182 1198 1209
f 1198 1186 1212
f 1209 1212 1190
f 1198 1212 1209
f 1186 1221 1199
f 1221 1192 1220
f 1199 1220 1185
f 1221 1220 1199
f 1192 1222 1219
f 1222 1191 1215
f 1219 1215 1183
f 1222 1215 1219
f 1191 1217 1216
f 1217 1188 1204
f 1216 1204 1187
f 1217 1204 1216
f 1188 1203 1208
f 1203 1182 1205
f 1208 1205 1189
f 1203 1205 1208
f 1184 1210 1196
f 1210 1190 1211
f 1196 1211 1185
f 1210 1211 1196
f 1184 1196 1194
f 1196 1185 1195
f 1194 1195 1183
f 1196 1195 1194
f 1184 1194 1201
f 1194 1183 1200
f 1201 1200 1187
f 1194 1200 1201
f 1184 1201 1206
f 1201 1187 1207
f 1206 1207 1189
f 1201 1207 1206
f 1184 1206 1210
f 1206 1189 1213
f 1210 1213 1190
f 1206 1213 1210
f 1185 1211 1199
f 1211 1190 1212
f 1199 1212 1186
f 1211 1212 1199
f 1183 1195 1219
f 1195 1185 1220
f 1219 1220 1192
f 1195 1220 1219
f 1187 1200 1216
f 1200 1183 1215
f 1216 1215 1191
f 1200 1215 1216
f 1189 1207 1208
f 1207 1187 1204
f 1208 1204 1188
f 1207 1204 1208
f 1190 1213 1209
f 1213 1189 1205
f 1209 1205 1182
f 1213 1205 1209

o CANOPY_2_2
usemtl green2
v 1.207330 4.377324 -4.557157
v 2.905442 4.377324 -4.557157
v 1.207330 4.377324 -2.536862
v 2.905442 4.377324 -2.536862
v 2.056386 4.716734 -2.922704
v 2.056386 4.716734 -4.171315
v 2.056386 4.037915 -2.922704
v 2.056386 4.037915 -4.171315
v 3.430187 4.167558 -3.547010
v 3.430187 4.587091 -3.547010
v 0.682585 4.167558 -3.547010
v 0.682585 4.587091 -3.547010
v 2.056386 4.377324 -4.734510
v 2.056386 4.377324 -2.359510
v 1.557323 4.576824 -2.586302
v 2.555448 4.576824 -2.586302
v 1.557323 4.576824 -4.507717
v 2.555448 4.576824 -4.507717
v 2.056386 4.776324 -3.547010
v 1.557323 4.177824 -2.586302
v 2.555448 4.177824 -2.586302
v 1.557323 4.177824 -4.507717
v 2.555448 4.177824 -4.507717
v 2.056386 3.978324 -3.547010
v 3.362948 4.254027 -4.140760
v 3.362948 4.254027 -2.953260
v 2.863886 4.054527 -3.180052
v 2.863886 4.054527 -3.913967
v 3.362948 4.500622 -4.140760
v 3.362948 4.500622 -2.953260
v 2.863886 4.700122 -3.180052
v 2.863886 4.700122 -3.913967
v 3.671386 4.377324 -3.547010
v 0.749823 4.254027 -4.140760
v 0.749823 4.254027 -2.953260
v 1.248886 4.054527 -3.180052
v 1.248886 4.054527 -3.913967
v 0.749823 4.500622 -4.140760
v 0.749823 4.500622 -2.953260
v 1.248886 4.700122 -3.180052
v 1.248886 4.700122 -3.913967
v 0.441386 4.377324 -3.547010
f 1223 1260 1239
f 1260 1234 1263
f 1239 1263 1228
f 1260 1263 1239
f 1223 1239 1235
f 1239 1228 1240
f 1235 1240 1224
f 1239 1240 1235
f 1223 1235 1244
f 1235 1224 1245
f 1244 1245 1230
f 1235 1245 1244
f 1223 1244 1256
f 1244 1230 1259
f 1256 1259 1233
f 1244 1259 1256
f 1223 1256 1260
f 1256 1233 1264
f 1260 1264 1234
f 1256 1264 1260
f 1224 1240 1251
f 1240 1228 1254
f 1251 1254 1232
f 1240 1254 1251
f 1228 1263 1241
f 1263 1234 1262
f 1241 1262 1227
f 1263 1262 1241
f 1234 1264 1261
f 1264 1233 1257
f 1261 1257 1225
f 1264 1257 1261
f 1233 1259 1258
f 1259 1230 1246
f 1258 1246 1229
f 1259 1246 1258
f 1230 1245 1250
f 1245 1224 1247
f 1250 1247 1231
f 1245 1247 1250
f 1226 1252 1238
f 1252 1232 1253
f 1238 1253 1227
f 1252 1253 1238
f 1226 1238 1236
f 1238 1227 1237
f 1236 1237 1225
f 1238 1237 1236
f 1226 1236 1243
f 1236 1225 1242
f 1243 1242 1229
f 1236 1242 1243
f 1226 1243 1248
f 1243 1229 1249
f 1248 1249 1231
f 1243 1249 1248
f 1226 1248 1252
f 1248 1231 1255
f 1252 1255 1232
f 1248 1255 1252
f 1227 1253 1241
f 1253 1232 1254
f 1241 1254 1228
f 1253 1254 1241
f 1225 1237 1261
f 1237 1227 1262
f 1261 1262 1234
f 1237 1262 1261
f 1229 1242 1258
f 1242 1225 1257
f 1258 1257 1233
f 1242 1257 1258
f 1231 1249 1250
f 1249 1229 1246
f 1250 1246 1230
f 1249 1246 1250
f 1232 1255 1251
f 1255 1231 1247
f 1251 1247 1224
f 1255 1247 1251

o CANOPY_2_3
usemtl green
v -0.306585 4.185280 -5.074102
v 1.391527 4.185280 -5.074102
v -0.306585 4.185280 -3.053807
v 1.391527 4.185280 -3.053807
v 0.542471 4.524690 -3.439649
v 0.542471 4.524690 -4.688260
v 0.542471 3.845870 -3.439649
v 0.542471 3.845870 -4.688260
v 1.916272 3.975513 -4.063954
v 1.916272 4.395047 -4.063954
v -0.831330 3.975513 -4.063954
v -0.831330 4.395047 -4.063954
v 0.542471 4.185280 -5.251454
v 0.542471 4.185280 -2.876454
v 0.043408 4.384780 -3.103247
v 1.041533 4.384780 -3.103247
v 0.043408 4.384780 -5.024662
v 1.041533 4.384780 -5.024662
v 0.542471 4.584280 -4.063954
v 0.043408 3.985780 -3.103247
v 1.041533 3.985780 -3.103247
v 0.043408 3.985780 -5.024662
v 1.041533 3.985780 -5.024662
v 0.542471 3.786280 -4.063954
v 1.849033 4.061982 -4.657704
v 1.849033 4.061982 -3.470204
v 1.349971 3.862482 -3.696997
v 1.349971 3.862482 -4.430912
v 1.849033 4.308578 -4.657704
v 1.849033 4.308578 -3.470204
v 1.349971 4.508078 -3.696997
v 1.349971 4.508078 -4.430912
v 2.157471 4.185280 -4.063954
v -0.764092 4.061982 -4.657704
v -0.764092 4.061982 -3.470204
v -0.265029 3.862482 -3.696997
v -0.265029 3.862482 -4.430912
v -0.764092 4.308578 -4.657704
v -0.764092 4.308578 -3.470204
v -0.265029 4.508078 -3.696997
v -0.265029 4.508078 -4.430912
v -1.072529 4.185280 -4.063954
f 1265 1302 1281
f 1302 1276 1305
f 1281 1305 1270
f 1302 1305 1281
f 1265 1281 1277
f 1281 1270 1282
f 1277 1282 1266
f 1281 1282 1277
f 1265 1277 1286
f 1277 1266 1287
f 1286 1287 1272
f 1277 1287 1286
f 1265 1286 1298
f 1286 1272 1301
f 1298 1301 1275
f 1286 1301 1298
f 1265 1298 1302
f 1298 1275 1306
f 1302 1306 1276
f 1298 1306 1302
f 1266 1282 1293
f 1282 1270 1296
f 1293 1296 1274
f 1282 1296 1293
f 1270 1305 1283
f 1305 1276 1304
f 1283 1304 1269
f 1305 1304 1283
f 1276 1306 1303
f 1306 1275 1299
f 1303 1299 1267
f 1306 1299 1303
f 1275 1301 1300
f 1301 1272 1288
f 1300 1288 1271
f 1301 1288 1300
f 1272 1287 1292
f 1287 1266 1289
f 1292 1289 1273
f 1287 1289 1292
f 1268 1294 1280
f 1294 1274 1295
f 1280 1295 1269
f 1294 1295 1280
f 1268 1280 1278
f 1280 1269 1279
f 1278 1279 1267
f 1280 1279 1278
f 1268 1278 1285
f 1278 1267 1284
f 1285 1284 1271
f 1278 1284 1285
f 1268 1285 1290
f 1285 1271 1291
f 1290 1291 1273
f 1285 1291 1290
f 1268 1290 1294
f 1290 1273 1297
f 1294 1297 1274
f 1290 1297 1294
f 1269 1295 1283
f 1295 1274 1296
f 1283 1296 1270
f 1295 1296 1283
f 1267 1279 1303
f 1279 1269 1304
f 1303 1304 1276
f 1279 1304 1303
f 1271 1284 1300
f 1284 1267 1299
f 1300 1299 1275
f 1284 1299 1300
f 1273 1291 1292
f 1291 1271 1288
f 1292 1288 1272
f 1291 1288 1292
f 1274 1297 1293
f 1297 1273 1289
f 1293 1289 1266
f 1297 1289 1293

o CANOPY_2_4
usemtl green2
v -1.903086 3.960799 -4.972347
v -0.204975 3.960799 -4.972347
v -1.903086 3.960799 -2.952051
v -0.204975 3.960799 -2.952051
v -1.054030 4.300209 -3.337893
v -1.054030 4.300209 -4.586505
v -1.054030 3.621390 -3.337893
v -1.054030 3.621390 -4.586505
v 0.319771 3.751033 -3.962199
v 0.319771 4.170566 -3.962199
v -2.427831 3.751033 -3.962199
v -2.427831 4.170566 -3.962199
v -1.054030 3.960799 -5.149699
v -1.054030 3.960799 -2.774699
v -1.553093 4.160299 -3.001491
v -0.554968 4.160299 -3.001491
v -1.553093 4.160299 -4.922907
v -0.554968 4.160299 -4.922907
v -1.054030 4.359799 -3.962199
v -1.553093 3.761299 -3.001491
v -0.554968 3.761299 -3.001491
v -1.553093 3.761299 -4.922907
v -0.554968 3.761299 -4.922907
v -1.054030 3.561799 -3.962199
v 0.252532 3.837502 -4.555949
v 0.252532 3.837502 -3.368449
v -0.246530 3.638002 -3.595241
v -0.246530 3.638002 -4.329157
v 0.252532 4.084097 -4.555949
v 0.252532 4.084097 -3.368449
v -0.246530 4.283597 -3.595241
v -0.246530 4.283597 -4.329157
v 0.560970 3.960799 -3.962199
v -2.360593 3.837502 -4.555949
v -2.360593 3.837502 -3.368449
v -1.861530 3.638002 -3.595241
v -1.861530 3.638002 -4.329157
v -2.360593 4.084097 -4.555949
v -2.360593 4.084097 -3.368449
v -1.861530 4.283597 -3.595241
v -1.861530 4.283597 -4.329157
v -2.669030 3.960799 -3.962199
f 1307 1344 1323
f 1344 1318 1347
f 1323 1347 1312
f 1344 1347 1323
f 1307 1323 1319
f 1323 1312 1324
f 1319 1324 1308
f 1323 1324 1319
f 1307 1319 1328
f 1319 1308 1329
f 1328 1329 1314
f 1319 1329 1328
f 1307 1328 1340
f 1328 1314 1343
f 1340 1343 1317
f 1328 1343 1340
f 1307 1340 1344
f 1340 1317 1348
f 1344 1348 1318
f 1340 1348 1344
f 1308 1324 1335
f 1324 1312 1338
f 1335 1338 1316
f 1324 1338 1335
f 1312 1347 1325
f 1347 1318 1346
f 1325 1346 1311
f 1347 1346 1325
f 1318 1348 1345
f 1348 1317 1341
f 1345 1341 1309
f 1348 1341 1345
f 1317 1343 1342
f 1343 1314 1330
f 1342 1330 1313
f 1343 1330 1342
f 1314 1329 1334
f 1329 1308 1331
f 1334 1331 1315
f 1329 1331 1334
f 1310 1336 1322
f 1336 1316 1337
f 1322 1337 1311
f 1336 1337 1322
f 1310 1322 1320
f 1322 1311 1321
f 1320 1321 1309
f 1322 1321 1320
f 1310 1320 1327
f 1320 1309 1326
f 1327 1326 1313
f 1320 1326 1327
f 1310 1327 1332
f 1327 1313 1333
f 1332 1333 1315
f 1327 1333 1332
f 1310 1332 1336
f 1332 1315 1339
f 1336 1339 1316
f 1332 1339 1336
f 1311 1337 1325
f 1337 1316 1338
f 1325 1338 1312
f 1337 1338 1325
f 1309 1321 1345
f 1321 1311 1346
f 1345 1346 1318
f 1321 1346 1345
f 1313 1326 1342
f 1326 1309 1341
f 1342 1341 1317
f 1326 1341 1342
f 1315 1333 1334
f 1333 1313 1330
f 1334 1330 1314
f 1333 1330 1334
f 1316 1339 1335
f 1339 1315 1331
f 1335 1331 1308
f 1339 1331 1335

o CANOPY_2_5
usemtl green2
v -3.339121 3.910269 -4.267382
v -1.641009 3.910269 -4.267382
v -3.339121 3.910269 -2.247087
v -1.641009 3.910269 -2.247087
v -2.490065 4.249679 -2.632929
v -2.490065 4.249679 -3.881540
v -2.490065 3.570859 -2.632929
v -2.490065 3.570859 -3.881540
v -1.116264 3.700502 -3.257235
v -1.116264 4.120036 -3.257235
v -3.863866 3.700502 -3.257235
v -3.863866 4.120036 -3.257235
v -2.490065 3.910269 -4.444735
v -2.490065 3.910269 -2.069735
v -2.989127 4.109769 -2.296527
v -1.991002 4.109769 -2.296527
v -2.989127 4.109769 -4.217942
v -1.991002 4.109769 -4.217942
v -2.490065 4.309269 -3.257235
v -2.989127 3.710769 -2.296527
v -1.991002 3.710769 -2.296527
v -2.989127 3.710769 -4.217942
v -1.991002 3.710769 -4.217942
v -2.490065 3.511269 -3.257235
v -1.183502 3.786971 -3.850985
v -1.183502 3.786971 -2.663485
v -1.682565 3.587471 -2.890277
v -1.682565 3.587471 -3.624192
v -1.183502 4.033567 -3.850985
v -1.183502 4.033567 -2.663485
v -1.682565 4.233067 -2.890277
v -1.682565 4.233067 -3.624192
v -0.875065 3.910269 -3.257235
v -3.796627 3.786971 -3.850985
v -3.796627 3.786971 -2.663485
v -3.297565 3.587471 -2.890277
v -3.297565 3.587471 -3.624192
v -3.796627 4.033567 -3.850985
v -3.796627 4.033567 -2.663485
v -3.297565 4.233067 -2.890277
v -3.297565 4.233067 -3.624192
v -4.105065 3.910269 -3.257235
f 1349 1386 1365
f 1386 1360 1389
f 1365 1389 1354
f 1386 1389 1365
f 1349 1365 1361
f 1365 1354 1366
f 1361 1366 1350
f 1365 1366 1361
f 1349 1361 1370
f 1361 1350 1371
f 1370 1371 1356
f 1361 1371 1370
f 1349 1370 1382
f 1370 1356 1385
f 1382 1385 1359
f 1370 1385 1382
f 1349 1382 1386
f 1382 1359 1390
f 1386 1390 1360
f 1382 1390 1386
f 1350 1366 1377
f 1366 1354 1380
f 1377 1380 1358
f 1366 1380 1377
f 1354 1389 1367
f 1389 1360 1388
f 1367 1388 1353
f 1389 1388 1367
f 1360 1390 1387
f 1390 1359 1383
f 1387 1383 1351
f 1390 1383 1387
f 1359 1385 1384
f 1385 1356 1372
f 1384 1372 1355
f 1385 1372 1384
f 1356 1371 1376
f 1371 1350 1373
f 1376 1373 1357
f 1371 1373 1376
f 1352 1378 1364
f 1378 1358 1379
f 1364 1379 1353
f 1378 1379 1364
f 1352 1364 1362
f 1364 1353 1363
f 1362 1363 1351
f 1364 1363 1362
f 1352 1362 1369
f 1362 1351 1368
f 1369 1368 1355
f 1362 1368 1369
f 1352 1369 1374
f 1369 1355 1375
f 1374 1375 1357
f 1369 1375 1374
f 1352 1374 1378
f 1374 1357 1381
f 1378 1381 1358
f 1374 1381 1378
f 1353 1379 1367
f 1379 1358 1380
f 1367 1380 1354
f 1379 1380 1367
f 1351 1363 1387
f 1363 1353 1388
f 1387 1388 1360
f 1363 1388 1387
f 1355 1368 1384
f 1368 1351 1383
f 1384 1383 1359
f 1368 1383 1384
f 1357 1375 1376
f 1375 1355 1372
f 1376 1372 1356
f 1375 1372 1376
f 1358 1381 1377
f 1381 1357 1373
f 1377 1373 1350
f 1381 1373 1377

o CANOPY_2_6
usemtl green
v -4.396065 4.080146 -3.066534
v -2.697954 4.080146 -3.066534
v -4.396065 4.080146 -1.046238
v -2.697954 4.080146 -1.046238
v -3.547010 4.419556 -1.432080
v -3.547010 4.419556 -2.680691
v -3.547010 3.740736 -1.432080
v -3.547010 3.740736 -2.680691
v -2.173209 3.870379 -2.056386
v -2.173209 4.289913 -2.056386
v -4.920811 3.870379 -2.056386
v -4.920811 4.289913 -2.056386
v -3.547010 4.080146 -3.243886
v -3.547010 4.080146 -0.868886
v -4.046072 4.279646 -1.095678
v -3.047947 4.279646 -1.095678
v -4.046072 4.279646 -3.017093
v -3.047947 4.279646 -3.017093
v -3.547010 4.479146 -2.056386
v -4.046072 3.880646 -1.095678
v -3.047947 3.880646 -1.095678
v -4.046072 3.880646 -3.017093
v -3.047947 3.880646 -3.017093
v -3.547010 3.681146 -2.056386
v -2.240447 3.956848 -2.650136
v -2.240447 3.956848 -1.462636
v -2.739510 3.757348 -1.689428
v -2.739510 3.757348 -2.423343
v -2.240447 4.203444 -2.650136
v -2.240447 4.203444 -1.462636
v -2.739510 4.402944 -1.689428
v -2.739510 4.402944 -2.423343
v -1.932010 4.080146 -2.056386
v -4.853572 3.956848 -2.650136
v -4.853572 3.956848 -1.462636
v -4.354510 3.757348 -1.689428
v -4.354510 3.757348 -2.423343
v -4.853572 4.203444 -2.650136
v -4.853572 4.203444 -1.462636
v -4.354510 4.402944 -1.689428
v -4.354510 4.402944 -2.423343
v -5.162010 4.080146 -2.056386
f 1391 1428 1407
f 1428 1402 1431
f 1407 1431 1396
f 1428 1431 1407
f 1391 1407 1403
f 1407 1396 1408
f 1403 1408 1392
f 1407 1408 1403
f 1391 1403 1412
f 1403 1392 1413
f 1412 1413 1398
f 1403 1413 1412
f 1391 1412 1424
f 1412 1398 1427
f 1424 1427 1401
f 1412 1427 1424
f 1391 1424 1428
f 1424 1401 1432
f 1428 1432 1402
f 1424 1432 1428
f 1392 1408 1419
f 1408 1396 1422
f 1419 1422 1400
f 1408 1422 1419
f 1396 1431 1409
f 1431 1402 1430
f 1409 1430 1395
f 1431 1430 1409
f 1402 1432 1429
f 1432 1401 1425
f 1429 1425 1393
f 1432 1425 1429
f 1401 1427 1426
f 1427 1398 1414
f 1426 1414 1397
f 1427 1414 1426
f 1398 1413 1418
f 1413 1392 1415
f 1418 1415 1399
f 1413 1415 1418
f 1394 1420 1406
f 1420 1400 1421
f 1406 1421 1395
f 1420 1421 1406
f 1394 1406 1404
f 1406 1395 1405
f 1404 1405 1393
f 1406 1405 1404
f 1394 1404 1411
f 1404 1393 1410
f 1411 1410 1397
f 1404 1410 1411
f 1394 1411 1416
f 1411 1397 1417
f 1416 1417 1399
f 1411 1417 1416
f 1394 1416 1420
f 1416 1399 1423
f 1420 1423 1400
f 1416 1423 1420
f 1395 1421 1409
f 1421 1400 1422
f 1409 1422 1396
f 1421 1422 1409
f 1393 1405 1429
f 1405 1395 1430
f 1429 1430 1402
f 1405 1430 1429
f 1397 1410 1426
f 1410 1393 1425
f 1426 1425 1401
f 1410 1425 1426
f 1399 1417 1418
f 1417 1397 1414
f 1418 1414 1398
f 1417 1414 1418
f 1400 1423 1419
f 1423 1399 1415
f 1419 1415 1392
f 1423 1415 1419

o CANOPY_2_7
usemtl green2
v -4.913010 4.314247 -1.552619
v -3.214899 4.314247 -1.552619
v -4.913010 4.314247 0.467677
v -3.214899 4.314247 0.467677
v -4.063954 4.653656 0.081835
v -4.063954 4.653656 -1.166777
v -4.063954 3.974837 0.081835
v -4.063954 3.974837 -1.166777
v -2.690153 4.104480 -0.542471
v -2.690153 4.524013 -0.542471
v -5.437755 4.104480 -0.542471
v -5.437755 4.524013 -0.542471
v -4.063954 4.314247 -1.729971
v -4.063954 4.314247 0.645029
v -4.563017 4.513747 0.418237
v -3.564892 4.513747 0.418237
v -4.563017 4.513747 -1.503179
v -3.564892 4.513747 -1.503179
v -4.063954 4.713247 -0.542471
v -4.563017 4.114747 0.418237
v -3.564892 4.114747 0.418237
v -4.563017 4.114747 -1.503179
v -3.564892 4.114747 -1.503179
v -4.063954 3.915247 -0.542471
v -2.757392 4.190949 -1.136221
v -2.757392 4.190949 0.051279
v -3.256454 3.991449 -0.175513
v -3.256454 3.991449 -0.909429
v -2.757392 4.437544 -1.136221
v -2.757392 4.437544 0.051279
v -3.256454 4.637044 -0.175513
v -3.256454 4.637044 -0.909429
v -2.448954 4.314247 -0.542471
v -5.370517 4.190949 -1.136221
v -5.370517 4.190949 0.051279
v -4.871454 3.991449 -0.175513
v -4.871454 3.991449 -0.909429
v -5.370517 4.437544 -1.136221
v -5.370517 4.437544 0.051279
v -4.871454 4.637044 -0.175513
v -4.871454 4.637044 -0.909429
v -5.678954 4.314247 -0.542471
f 1433 1470 1449
f 1470 1444 1473
f 1449 1473 1438
f 1470 1473 1449
f 1433 1449 1445
f 1449 1438 1450
f 1445 1450 1434
f 1449 1450 1445
f 1433 1445 1454
f 1445 1434 1455
f 1454 1455 1440
f 1445 1455 1454
f 1433 1454 1466
f 1454 1440 1469
f 1466 1469 1443
f 1454 1469 1466
f 1433 1466 1470
f 1466 1443 1474
f 1470 1474 1444
f 1466 1474 1470
f 1434 1450 1461
f 1450 1438 1464
f 1461 1464 1442
f 1450 1464 1461
f 1438 1473 1451
f 1473 1444 1472
f 1451 1472 1437
f 1473 1472 1451
f 1444 1474 1471
f 1474 1443 1467
f 1471 1467 1435
f 1474 1467 1471
f 1443 1469 1468
f 1469 1440 1456
f 1468 1456 1439
f 1469 1456 1468
f 1440 1455 1460
f 1455 1434 1457
f 1460 1457 1441
f 1455 1457 1460
f 1436 1462 1448
f 1462 1442 1463
f 1448 1463 1437
f 1462 1463 1448
f 1436 1448 1446
f 1448 1437 1447
f 1446 1447 1435
f 1448 1447 1446
f 1436 1446 1453
f 1446 1435 1452
f 1453 1452 1439
f 1446 1452 1453
f 1436 1453 1458
f 1453 1439 1459
f 1458 1459 1441
f 1453 1459 1458
f 1436 1458 1462
f 1458 1441 1465
f 1462 1465 1442
f 1458 1465 1462
f 1437 1463 1451
f 1463 1442 1464
f 1451 1464 1438
f 1463 1464 1451
f 1435 1447 1471
f 1447 1437 1472
f 1471 1472 1444
f 1447 1472 1471
f 1439 1452 1468
f 1452 1435 1467
f 1468 1467 1443
f 1452 1467 1468
f 1441 1459 1460
f 1459 1439 1456
f 1460 1456 1440
f 1459 1456 1460
f 1442 1465 1461
f 1465 1441 1457
f 1461 1457 1434
f 1465 1457 1461

o CANOPY_2_8
usemtl green2
v -4.811255 4.397340 0.043882
v -3.113143 4.397340 0.043882
v -4.811255 4.397340 2.064178
v -3.113143 4.397340 2.064178
v -3.962199 4.736749 1.678336
v -3.962199 4.736749 0.429725
v -3.962199 4.057930 1.678336
v -3.962199 4.057930 0.429725
v -2.588398 4.187573 1.054030
v -2.588398 4.607106 1.054030
v -5.336000 4.187573 1.054030
v -5.336000 4.607106 1.054030
v -3.962199 4.397340 -0.133470
v -3.962199 4.397340 2.241530
v -4.461261 4.596840 2.014738
v -3.463136 4.596840 2.014738
v -4.461261 4.596840 0.093323
v -3.463136 4.596840 0.093323
v -3.962199 4.796340 1.054030
v -4.461261 4.197840 2.014738
v -3.463136 4.197840 2.014738
v -4.461261 4.197840 0.093323
v -3.463136 4.197840 0.093323
v -3.962199 3.998340 1.054030
v -2.655636 4.274042 0.460280
v -2.655636 4.274042 1.647780
v -3.154699 4.074542 1.420988
v -3.154699 4.074542 0.687073
v -2.655636 4.520637 0.460280
v -2.655636 4.520637 1.647780
v -3.154699 4.720137 1.420988
v -3.154699 4.720137 0.687073
v -2.347199 4.397340 1.054030
v -5.268761 4.274042 0.460280
v -5.268761 4.274042 1.647780
v -4.769699 4.074542 1.420988
v -4.769699 4.074542 0.687073
v -5.268761 4.520637 0.460280
v -5.268761 4.520637 1.647780
v -4.769699 4.720137 1.420988
v -4.769699 4.720137 0.687073
v -5.577199 4.397340 1.054030
f 1475 1512 1491
f 1512 1486 1515
f 1491 1515 1480
f 1512 1515 1491
f 1475 1491 1487
f 1491 1480 1492
f 1487 1492 1476
f 1491 1492 1487
f 1475 1487 1496
f 1487 1476 1497
f 1496 1497 1482
f 1487 1497 1496
f 1475 1496 1508
f 1496 1482 1511
f 1508 1511 1485
f 1496 1511 1508
f 1475 1508 1512
f 1508 1485 1516
f 1512 1516 1486
f 1508 1516 1512
f 1476 1492 1503
f 1492 1480 1506
f 1503 1506 1484
f 1492 1506 1503
f 1480 1515 1493
f 1515 1486 1514
f 1493 1514 1479
f 1515 1514 1493
f 1486 1516 1513
f 1516 1485 1509
f 1513 1509 1477
f 1516 1509 1513
f 1485 1511 1510
f 1511 1482 1498
f 1510 1498 1481
f 1511 1498 1510
f 1482 1497 1502
f 1497 1476 1499
f 1502 1499 1483
f 1497 1499 1502
f 1478 1504 1490
f 1504 1484 1505
f 1490 1505 1479
f 1504 1505 1490
f 1478 1490 1488
f 1490 1479 1489
f 1488 1489 1477
f 1490 1489 1488
f 1478 1488 1495
f 1488 1477 1494
f 1495 1494 1481
f 1488 1494 1495
f 1478 1495 1500
f 1495 1481 1501
f 1500 1501 1483
f 1495 1501 1500
f 1478 1500 1504
f 1500 1483 1507
f 1504 1507 1484
f 1500 1507 1504
f 1479 1505 1493
f 1505 1484 1506
f 1493 1506 1480
f 1505 1506 1493
f 1477 1489 1513
f 1489 1479 1514
f 1513 1514 1486
f 1489 1514 1513
f 1481 1494 1510
f 1494 1477 1509
f 1510 1509 1485
f 1494 1509 1510
f 1483 1501 1502
f 1501 1481 1498
f 1502 1498 1482
f 1501 1498 1502
f 1484 1507 1503
f 1507 1483 1499
f 1503 1499 1476
f 1507 1499 1503

o CANOPY_2_9
usemtl green
v -4.106290 4.253030 1.479917
v -2.408179 4.253030 1.479917
v -4.106290 4.253030 3.500213
v -2.408179 4.253030 3.500213
v -3.257235 4.592439 3.114371
v -3.257235 4.592439 1.865759
v -3.257235 3.913620 3.114371
v -3.257235 3.913620 1.865759
v -1.883434 4.043263 2.490065
v -1.883434 4.462796 2.490065
v -4.631036 4.043263 2.490065
v -4.631036 4.462796 2.490065
v -3.257235 4.253030 1.302565
v -3.257235 4.253030 3.677565
v -3.756297 4.452530 3.450773
v -2.758172 4.452530 3.450773
v -3.756297 4.452530 1.529357
v -2.758172 4.452530 1.529357
v -3.257235 4.652030 2.490065
v -3.756297 4.053530 3.450773
v -2.758172 4.053530 3.450773
v -3.756297 4.053530 1.529357
v -2.758172 4.053530 1.529357
v -3.257235 3.854030 2.490065
v -1.950672 4.129732 1.896315
v -1.950672 4.129732 3.083815
v -2.449735 3.930232 2.857023
v -2.449735 3.930232 2.123107
v -1.950672 4.376327 1.896315
v -1.950672 4.376327 3.083815
v -2.449735 4.575827 2.857023
v -2.449735 4.575827 2.123107
v -1.642235 4.253030 2.490065
v -4.563797 4.129732 1.896315
v -4.563797 4.129732 3.083815
v -4.064735 3.930232 2.857023
v -4.064735 3.930232 2.123107
v -4.563797 4.376327 1.896315
v -4.563797 4.376327 3.083815
v -4.064735 4.575827 2.857023
v -4.064735 4.575827 2.123107
v -4.872235 4.253030 2.490065
f 1517 1554 1533
f 1554 1528 1557
f 1533 1557 1522
f 1554 1557 1533
f 1517 1533 1529
f 1533 1522 1534
f 1529 1534 1518
f 1533 1534 1529
f 1517 1529 1538
f 1529 1518 1539
f 1538 1539 1524
f 1529 1539 1538
f 1517 1538 1550
f 1538 1524 1553
f 1550 1553 1527
f 1538 1553 1550
f 1517 1550 1554
f 1550 1527 1558
f 1554 1558 1528
f 1550 1558 1554
f 1518 1534 1545
f 1534 1522 1548
f 1545 1548 1526
f 1534 1548 1545
f 1522 1557 1535
f 1557 1528 1556
f 1535 1556 1521
f 1557 1556 1535
f 1528 1558 1555
f 1558 1527 1551
f 1555 1551 1519
f 1558 1551 1555
f 1527 1553 1552
f 1553 1524 1540
f 1552 1540 1523
f 1553 1540 1552
f 1524 1539 1544
f 1539 1518 1541
f 1544 1541 1525
f 1539 1541 1544
f 1520 1546 1532
f 1546 1526 1547
f 1532 1547 1521
f 1546 1547 1532
f 1520 1532 1530
f 1532 1521 1531
f 1530 1531 1519
f 1532 1531 1530
f 1520 1530 1537
f 1530 1519 1536
f 1537 1536 1523
f 1530 1536 1537
f 1520 1537 1542
f 1537 1523 1543
f 1542 1543 1525
f 1537 1543 1542
f 1520 1542 1546
f 1542 1525 1549
f 1546 1549 1526
f 1542 1549 1546
f 1521 1547 1535
f 1547 1526 1548
f 1535 1548 1522
f 1547 1548 1535
f 1519 1531 1555
f 1531 1521 1556
f 1555 1556 1528
f 1531 1556 1555
f 1523 1536 1552
f 1536 1519 1551
f 1552 1551 1527
f 1536 1551 1552
f 1525 1543 1544
f 1543 1523 1540
f 1544 1540 1524
f 1543 1540 1544
f 1526 1549 1545
f 1549 1525 1541
f 1545 1541 1518
f 1549 1541 1545

o CANOPY_2_10
usemtl green2
v -2.905442 4.013995 2.536862
v -1.207330 4.013995 2.536862
v -2.905442 4.013995 4.557157
v -1.207330 4.013995 4.557157
v -2.056386 4.353404 4.171315
v -2.056386 4.353404 2.922704
v -2.056386 3.674585 4.171315
v -2.056386 3.674585 2.922704
v -0.682585 3.804228 3.547010
v -0.682585 4.223761 3.547010
v -3.430187 3.804228 3.547010
v -3.430187 4.223761 3.547010
v -2.056386 4.013995 2.359510
v -2.056386 4.013995 4.734510
v -2.555448 4.213495 4.507717
v -1.557323 4.213495 4.507717
v -2.555448 4.213495 2.586302
v -1.557323 4.213495 2.586302
v -2.056386 4.412995 3.547010
v -2.555448 3.814495 4.507717
v -1.557323 3.814495 4.507717
v -2.555448 3.814495 2.586302
v -1.557323 3.814495 2.586302
v -2.056386 3.614995 3.547010
v -0.749823 3.890697 2.953260
v -0.749823 3.890697 4.140760
v -1.248886 3.691197 3.913967
v -1.248886 3.691197 3.180052
v -0.749823 4.137293 2.953260
v -0.749823 4.137293 4.140760
v -1.248886 4.336793 3.913967
v -1.248886 4.336793 3.180052
v -0.441386 4.013995 3.547010
v -3.362948 3.890697 2.953260
v -3.362948 3.890697 4.140760
v -2.863886 3.691197 3.913967
v -2.863886 3.691197 3.180052
v -3.362948 4.137293 2.953260
v -3.362948 4.137293 4.140760
v -2.863886 4.336793 3.913967
v -2.863886 4.336793 3.180052
v -3.671386 4.013995 3.547010
f 1559 1596 1575
f 1596 1570 1599
f 1575 1599 1564
f 1596 1599 1575
f 1559 1575 1571
f 1575 1564 1576
f 1571 1576 1560
f 1575 1576 1571
f 1559 1571 1580
f 1571 1560 1581
f 1580 1581 1566
f 1571 1581 1580
f 1559 1580 1592
f 1580 1566 1595
f 1592 1595 1569
f 1580 1595 1592
f 1559 1592 1596
f 1592 1569 1600
f 1596 1600 1570
f 1592 1600 1596
f 1560 1576 1587
f 1576 1564 1590
f 1587 1590 1568
f 1576 1590 1587
f 1564 1599 1577
f 1599 1570 1598
f 1577 1598 1563
f 1599 1598 1577
f 1570 1600 1597
f 1600 1569 1593
f 1597 1593 1561
f 1600 1593 1597
f 1569 1595 1594
f 1595 1566 1582
f 1594 1582 1565
f 1595 1582 1594
f 1566 1581 1586
f 1581 1560 1583
f 1586 1583 1567
f 1581 1583 1586
f 1562 1588 1574
f 1588 1568 1589
f 1574 1589 1563
f 1588 1589 1574
f 1562 1574 1572
f 1574 1563 1573
f 1572 1573 1561
f 1574 1573 1572
f 1562 1572 1579
f 1572 1561 1578
f 1579 1578 1565
f 1572 1578 1579
f 1562 1579 1584
f 1579 1565 1585
f 1584 1585 1567
f 1579 1585 1584
f 1562 1584 1588
f 1584 1567 1591
f 1588 1591 1568
f 1584 1591 1588
f 1563 1589 1577
f 1589 1568 1590
f 1577 1590 1564
f 1589 1590 1577
f 1561 1573 1597
f 1573 1563 1598
f 1597 1598 1570
f 1573 1598 1597
f 1565 1578 1594
f 1578 1561 1593
f 1594 1593 1569
f 1578 1593 1594
f 1567 1585 1586
f 1585 1565 1582
f 1586 1582 1566
f 1585 1582 1586
f 1568 1591 1587
f 1591 1567 1583
f 1587 1583 1560
f 1591 1583 1587

o CANOPY_2_11
usemtl green2
v -1.391527 3.900002 3.053807
v 0.306585 3.900002 3.053807
v -1.391527 3.900002 5.074102
v 0.306585 3.900002 5.074102
v -0.542471 4.239412 4.688260
v -0.542471 4.239412 3.439649
v -0.542471 3.560593 4.688260
v -0.542471 3.560593 3.439649
v 0.831330 3.690236 4.063954
v 0.831330 4.109769 4.063954
v -1.916272 3.690236 4.063954
v -1.916272 4.109769 4.063954
v -0.542471 3.900002 2.876454
v -0.542471 3.900002 5.251454
v -1.041533 4.099502 5.024662
v -0.043408 4.099502 5.024662
v -1.041533 4.099502 3.103247
v -0.043408 4.099502 3.103247
v -0.542471 4.299002 4.063954
v -1.041533 3.700502 5.024662
v -0.043408 3.700502 5.024662
v -1.041533 3.700502 3.103247
v -0.043408 3.700502 3.103247
v -0.542471 3.501002 4.063954
v 0.764092 3.776705 3.470204
v 0.764092 3.776705 4.657704
v 0.265029 3.577205 4.430912
v 0.265029 3.577205 3.696997
v 0.764092 4.023300 3.470204
v 0.764092 4.023300 4.657704
v 0.265029 4.222800 4.430912
v 0.265029 4.222800 3.696997
v 1.072529 3.900002 4.063954
v -1.849033 3.776705 3.470204
v -1.849033 3.776705 4.657704
v -1.349971 3.577205 4.430912
v -1.349971 3.577205 3.696997
v -1.849033 4.023300 3.470204
v -1.849033 4.023300 4.657704
v -1.349971 4.222800 4.430912
v -1.349971 4.222800 3.696997
v -2.157471 3.900002 4.063954
f 1601 1638 1617
f 1638 1612 1641
f 1617 1641 1606
f 1638 1641 1617
f 1601 1617 1613
f 1617 1606 1618
f 1613 1618 1602
f 1617 1618 1613
f 1601 1613 1622
f 1613 1602 1623
f 1622 1623 1608
f 1613 1623 1622
f 1601 1622 1634
f 1622 1608 1637
f 1634 1637 1611
f 1622 1637 1634
f 1601 1634 1638
f 1634 1611 1642
f 1638 1642 1612
f 1634 1642 1638
f 1602 1618 1629
f 1618 1606 1632
f 1629 1632 1610
f 1618 1632 1629
f 1606 1641 1619
f 1641 1612 1640
f 1619 1640 1605
f 1641 1640 1619
f 1612 1642 1639
f 1642 1611 1635
f 1639 1635 1603
f 1642 1635 1639
f 1611 1637 1636
f 1637 1608 1624
f 1636 1624 1607
f 1637 1624 1636
f 1608 1623 1628
f 1623 1602 1625
f 1628 1625 1609
f 1623 1625 1628
f 1604 1630 1616
f 1630 1610 1631
f 1616 1631 1605
f 1630 1631 1616
f 1604 1616 1614
f 1616 1605 1615
f 1614 1615 1603
f 1616 1615 1614
f 1604 1614 1621
f 1614 1603 1620
f 1621 1620 1607
f 1614 1620 1621
f 1604 1621 1626
f 1621 1607 1627
f 1626 1627 1609
f 1621 1627 1626
f 1604 1626 1630
f 1626 1609 1633
f 1630 1633 1610
f 1626 1633 1630
f 1605 1631 1619
f 1631 1610 1632
f 1619 1632 1606
f 1631 1632 1619
f 1603 1615 1639
f 1615 1605 1640
f 1639 1640 1612
f 1615 1640 1639
f 1607 1620 1636
f 1620 1603 1635
f 1636 1635 1611
f 1620 1635 1636
f 1609 1627 1628
f 1627 1607 1624
f 1628 1624 1608
f 1627 1624 1628
f 1610 1633 1629
f 1633 1609 1625
f 1629 1625 1602
f 1633 1625 1629

o CANOPY_2_12
usemtl green
v 0.204975 4.015857 2.952051
v 1.903086 4.015857 2.952051
v 0.204975 4.015857 4.972347
v 1.903086 4.015857 4.972347
v 1.054030 4.355266 4.586505
v 1.054030 4.355266 3.337893
v 1.054030 3.676447 4.586505
v 1.054030 3.676447 3.337893
v 2.427831 3.806090 3.962199
v 2.427831 4.225623 3.962199
v -0.319771 3.806090 3.962199
v -0.319771 4.225623 3.962199
v 1.054030 4.015857 2.774699
v 1.054030 4.015857 5.149699
v 0.554968 4.215357 4.922907
v 1.553093 4.215357 4.922907
v 0.554968 4.215357 3.001491
v 1.553093 4.215357 3.001491
v 1.054030 4.414857 3.962199
v 0.554968 3.816357 4.922907
v 1.553093 3.816357 4.922907
v 0.554968 3.816357 3.001491
v 1.553093 3.816357 3.001491
v 1.054030 3.616857 3.962199
v 2.360593 3.892559 3.368449
v 2.360593 3.892559 4.555949
v 1.861530 3.693059 4.329157
v 1.861530 3.693059 3.595241
v 2.360593 4.139155 3.368449
v 2.360593 4.139155 4.555949
v 1.861530 4.338655 4.329157
v 1.861530 4.338655 3.595241
v 2.669030 4.015857 3.962199
v -0.252532 3.892559 3.368449
v -0.252532 3.892559 4.555949
v 0.246530 3.693059 4.329157
v 0.246530 3.693059 3.595241
v -0.252532 4.139155 3.368449
v -0.252532 4.139155 4.555949
v 0.246530 4.338655 4.329157
v 0.246530 4.338655 3.595241
v -0.560970 4.015857 3.962199
f 1643 1680 1659
f 1680 1654 1683
f 1659 1683 1648
f 1680 1683 1659
f 1643 1659 1655
f 1659 1648 1660
f 1655 1660 1644
f 1659 1660 1655
f 1643 1655 1664
f 1655 1644 1665
f 1664 1665 1650
f 1655 1665 1664
f 1643 1664 1676
f 1664 1650 1679
f 1676 1679 1653
f 1664 1679 1676
f 1643 1676 1680
f 1676 1653 1684
f 1680 1684 1654
f 1676 1684 1680
f 1644 1660 1671
f 1660 1648 1674
f 1671 1674 1652
f 1660 1674 1671
f 1648 1683 1661
f 1683 1654 1682
f 1661 1682 1647
f 1683 1682 1661
f 1654 1684 1681
f 1684 1653 1677
f 1681 1677 1645
f 1684 1677 1681
f 1653 1679 1678
f 1679 1650 1666
f 1678 1666 1649
f 1679 1666 1678
f 1650 1665 1670
f 1665 1644 1667
f 1670 1667 1651
f 1665 1667 1670
f 1646 1672 1658
f 1672 1652 1673
f 1658 1673 1647
f 1672 1673 1658
f 1646 1658 1656
f 1658 1647 1657
f 1656 1657 1645
f 1658 1657 1656
f 1646 1656 1663
f 1656 1645 1662
f 1663 1662 1649
f 1656 1662 1663
f 1646 1663 1668
f 1663 1649 1669
f 1668 1669 1651
f 1663 1669 1668
f 1646 1668 1672
f 1668 1651 1675
f 1672 1675 1652
f 1668 1675 1672
f 1647 1673 1661
f 1673 1652 1674
f 1661 1674 1648
f 1673 1674 1661
f 1645 1657 1681
f 1657 1647 1682
f 1681 1682 1654
f 1657 1682 1681
f 1649 1662 1678
f 1662 1645 1677
f 1678 1677 1653
f 1662 1677 1678
f 1651 1669 1670
f 1669 1649 1666
f 1670 1666 1650
f 1669 1666 1670
f 1652 1675 1671
f 1675 1651 1667
f 1671 1667 1644
f 1675 1667 1671

o CANOPY_2_13
usemtl green2
v 1.641009 4.255042 2.247087
v 3.339121 4.255042 2.247087
v 1.641009 4.255042 4.267382
v 3.339121 4.255042 4.267382
v 2.490065 4.594451 3.881540
v 2.490065 4.594451 2.632929
v 2.490065 3.915632 3.881540
v 2.490065 3.915632 2.632929
v 3.863866 4.045275 3.257235
v 3.863866 4.464808 3.257235
v 1.116264 4.045275 3.257235
v 1.116264 4.464808 3.257235
v 2.490065 4.255042 2.069735
v 2.490065 4.255042 4.444735
v 1.991002 4.454542 4.217942
v 2.989127 4.454542 4.217942
v 1.991002 4.454542 2.296527
v 2.989127 4.454542 2.296527
v 2.490065 4.654042 3.257235
v 1.991002 4.055542 4.217942
v 2.989127 4.055542 4.217942
v 1.991002 4.055542 2.296527
v 2.989127 4.055542 2.296527
v 2.490065 3.856042 3.257235
v 3.796627 4.131744 2.663485
v 3.796627 4.131744 3.850985
v 3.297565 3.932244 3.624192
v 3.297565 3.932244 2.890277
v 3.796627 4.378340 2.663485
v 3.796627 4.378340 3.850985
v 3.297565 4.577840 3.624192
v 3.297565 4.577840 2.890277
v 4.105065 4.255042 3.257235
v 1.183502 4.131744 2.663485
v 1.183502 4.131744 3.850985
v 1.682565 3.932244 3.624192
v 1.682565 3.932244 2.890277
v 1.183502 4.378340 2.663485
v 1.183502 4.378340 3.850985
v 1.682565 4.577840 3.624192
v 1.682565 4.577840 2.890277
v 0.875065 4.255042 3.257235
f 1685 1722 1701
f 1722 1696 1725
f 1701 1725 1690
f 1722 1725 1701
f 1685 1701 1697
f 1701 1690 1702
f 1697 1702 1686
f 1701 1702 1697
f 1685 1697 1706
f 1697 1686 1707
f 1706 1707 1692
f 1697 1707 1706
f 1685 1706 1718
f 1706 1692 1721
f 1718 1721 1695
f 1706 1721 1718
f 1685 1718 1722
f 1718 1695 1726
f 1722 1726 1696
f 1718 1726 1722
f 1686 1702 1713
f 1702 1690 1716
f 1713 1716 1694
f 1702 1716 1713
f 1690 1725 1703
f 1725 1696 1724
f 1703 1724 1689
f 1725 1724 1703
f 1696 1726 1723
f 1726 1695 1719
f 1723 1719 1687
f 1726 1719 1723
f 1695 1721 1720
f 1721 1692 1708
f 1720 1708 1691
f 1721 1708 1720
f 1692 1707 1712
f 1707 1686 1709
f 1712 1709 1693
f 1707 1709 1712
f 1688 1714 1700
f 1714 1694 1715
f 1700 1715 1689
f 1714 1715 1700
f 1688 1700 1698
f 1700 1689 1699
f 1698 1699 1687
f 1700 1699 1698
f 1688 1698 1705
f 1698 1687 1704
f 1705 1704 1691
f 1698 1704 1705
f 1688 1705 1710
f 1705 1691 1711
f 1710 1711 1693
f 1705 1711 1710
f 1688 1710 1714
f 1710 1693 1717
f 1714 1717 1694
f 1710 1717 1714
f 1689 1715 1703
f 1715 1694 1716
f 1703 1716 1690
f 1715 1716 1703
f 1687 1699 1723
f 1699 1689 1724
f 1723 1724 1696
f 1699 1724 1723
f 1691 1704 1720
f 1704 1687 1719
f 1720 1719 1695
f 1704 1719 1720
f 1693 1711 1712
f 1711 1691 1708
f 1712 1708 1692
f 1711 1708 1712
f 1694 1717 1713
f 1717 1693 1709
f 1713 1709 1686
f 1717 1709 1713

o CANOPY_2_14
usemtl green2
v 2.697954 4.397652 1.046238
v 4.396065 4.397652 1.046238
v 2.697954 4.397652 3.066534
v 4.396065 4.397652 3.066534
v 3.547010 4.737062 2.680691
v 3.547010 4.737062 1.432080
v 3.547010 4.058242 2.680691
v 3.547010 4.058242 1.432080
v 4.920811 4.187885 2.056386
v 4.920811 4.607419 2.056386
v 2.173209 4.187885 2.056386
v 2.173209 4.607419 2.056386
v 3.547010 4.397652 0.868886
v 3.547010 4.397652 3.243886
v 3.047947 4.597152 3.017093
v 4.046072 4.597152 3.017093
v 3.047947 4.597152 1.095678
v 4.046072 4.597152 1.095678
v 3.547010 4.796652 2.056386
v 3.047947 4.198152 3.017093
v 4.046072 4.198152 3.017093
v 3.047947 4.198152 1.095678
v 4.046072 4.198152 1.095678
v 3.547010 3.998652 2.056386
v 4.853572 4.274354 1.462636
v 4.853572 4.274354 2.650136
v 4.354510 4.074854 2.423343
v 4.354510 4.074854 1.689428
v 4.853572 4.520950 1.462636
v 4.853572 4.520950 2.650136
v 4.354510 4.720450 2.423343
v 4.354510 4.720450 1.689428
v 5.162010 4.397652 2.056386
v 2.240447 4.274354 1.462636
v 2.240447 4.274354 2.650136
v 2.739510 4.074854 2.423343
v 2.739510 4.074854 1.689428
v 2.240447 4.520950 1.462636
v 2.240447 4.520950 2.650136
v 2.739510 4.720450 2.423343
v 2.739510 4.720450 1.689428
v 1.932010 4.397652 2.056386
f 1727 1764 1743
f 1764 1738 1767
f 1743 1767 1732
f 1764 1767 1743
f 1727 1743 1739
f 1743 1732 1744
f 1739 1744 1728
f 1743 1744 1739
f 1727 1739 1748
f 1739 1728 1749
f 1748 1749 1734
f 1739 1749 1748
f 1727 1748 1760
f 1748 1734 1763
f 1760 1763 1737
f 1748 1763 1760
f 1727 1760 1764
f 1760 1737 1768
f 1764 1768 1738
f 1760 1768 1764
f 1728 1744 1755
f 1744 1732 1758
f 1755 1758 1736
f 1744 1758 1755
f 1732 1767 1745
f 1767 1738 1766
f 1745 1766 1731
f 1767 1766 1745
f 1738 1768 1765
f 1768 1737 1761
f 1765 1761 1729
f 1768 1761 1765
f 1737 1763 1762
f 1763 1734 1750
f 1762 1750 1733
f 1763 1750 1762
f 1734 1749 1754
f 1749 1728 1751
f 1754 1751 1735
f 1749 1751 1754
f 1730 1756 1742
f 1756 1736 1757
f 1742 1757 1731
f 1756 1757 1742
f 1730 1742 1740
f 1742 1731 1741
f 1740 1741 1729
f 1742 1741 1740
f 1730 1740 1747
f 1740 1729 1746
f 1747 1746 1733
f 1740 1746 1747
f 1730 1747 1752
f 1747 1733 1753
f 1752 1753 1735
f 1747 1753 1752
f 1730 1752 1756
f 1752 1735 1759
f 1756 1759 1736
f 1752 1759 1756
f 1731 1757 1745
f 1757 1736 1758
f 1745 1758 1732
f 1757 1758 1745
f 1729 1741 1765
f 1741 1731 1766
f 1765 1766 1738
f 1741 1766 1765
f 1733 1746 1762
f 1746 1729 1761
f 1762 1761 1737
f 1746 1761 1762
f 1735 1753 1754
f 1753 1733 1750
f 1754 1750 1734
f 1753 1750 1754
f 1736 1759 1755
f 1759 1735 1751
f 1755 1751 1728
f 1759 1751 1755

o CANOPY_2_15
usemtl green
v 3.214899 4.312572 -0.467677
v 4.913010 4.312572 -0.467677
v 3.214899 4.312572 1.552619
v 4.913010 4.312572 1.552619
v 4.063954 4.651982 1.166777
v 4.063954 4.651982 -0.081835
v 4.063954 3.973162 1.166777
v 4.063954 3.973162 -0.081835
v 5.437755 4.102805 0.542471
v 5.437755 4.522339 0.542471
v 2.690153 4.102805 0.542471
v 2.690153 4.522339 0.542471
v 4.063954 4.312572 -0.645029
v 4.063954 4.312572 1.729971
v 3.564892 4.512072 1.503179
v 4.563017 4.512072 1.503179
v 3.564892 4.512072 -0.418237
v 4.563017 4.512072 -0.418237
v 4.063954 4.711572 0.542471
v 3.564892 4.113072 1.503179
v 4.563017 4.113072 1.503179
v 3.564892 4.113072 -0.418237
v 4.563017 4.113072 -0.418237
v 4.063954 3.913572 0.542471
v 5.370517 4.189274 -0.051279
v 5.370517 4.189274 1.136221
v 4.871454 3.989774 0.909429
v 4.871454 3.989774 0.175513
v 5.370517 4.435870 -0.051279
v 5.370517 4.435870 1.136221
v 4.871454 4.635370 0.909429
v 4.871454 4.635370 0.175513
v 5.678954 4.312572 0.542471
v 2.757392 4.189274 -0.051279
v 2.757392 4.189274 1.136221
v 3.256454 3.989774 0.909429
v 3.256454 3.989774 0.175513
v 2.757392 4.435870 -0.051279
v 2.757392 4.435870 1.136221
v 3.256454 4.635370 0.909429
v 3.256454 4.635370 0.175513
v 2.448954 4.312572 0.542471
f 1769 1806 1785
f 1806 1780 1809
f 1785 1809 1774
f 1806 1809 1785
f 1769 1785 1781
f 1785 1774 1786
f 1781 1786 1770
f 1785 1786 1781
f 1769 1781 1790
f 1781 1770 1791
f 1790 1791 1776
f 1781 1791 1790
f 1769 1790 1802
f 1790 1776 1805
f 1802 1805 1779
f 1790 1805 1802
f 1769 1802 1806
f 1802 1779 1810
f 1806 1810 1780
f 1802 1810 1806
f 1770 1786 1797
f 1786 1774 1800
f 1797 1800 1778
f 1786 1800 1797
f 1774 1809 1787
f 1809 1780 1808
f 1787 1808 1773
f 1809 1808 1787
f 1780 1810 1807
f 1810 1779 1803
f 1807 1803 1771
f 1810 1803 1807
f 1779 1805 1804
f 1805 1776 1792
f 1804 1792 1775
f 1805 1792 1804
f 1776 1791 1796
f 1791 1770 1793
f 1796 1793 1777
f 1791 1793 1796
f 1772 1798 1784
f 1798 1778 1799
f 1784 1799 1773
f 1798 1799 1784
f 1772 1784 1782
f 1784 1773 1783
f 1782 1783 1771
f 1784 1783 1782
f 1772 1782 1789
f 1782 1771 1788
f 1789 1788 1775
f 1782 1788 1789
f 1772 1789 1794
f 1789 1775 1795
f 1794 1795 1777
f 1789 1795 1794
f 1772 1794 1798
f 1794 1777 1801
f 1798 1801 1778
f 1794 1801 1798
f 1773 1799 1787
f 1799 1778 1800
f 1787 1800 1774
f 1799 1800 1787
f 1771 1783 1807
f 1783 1773 1808
f 1807 1808 1780
f 1783 1808 1807
f 1775 1788 1804
f 1788 1771 1803
f 1804 1803 1779
f 1788 1803 1804
f 1777 1795 1796
f 1795 1775 1792
f 1796 1792 1776
f 1795 1792 1796
f 1778 1801 1797
f 1801 1777 1793
f 1797 1793 1770
f 1801 1793 1797
